scenario_id,task_completed_diff,fact_f1_diff,claim_support_diff,n_primary_available,composite,bucket,rank
adversarial_02,0.0,-0.644444444444,-0.1,3,-0.248148148148,,
adversarial_03,0.0,-0.111111111111,0.0,3,-0.037037037037,,
adversarial_04,0.666666666667,0.284391534392,0.075,3,0.342019400353,helped,2
adversarial_05,0.0,0.0,0.0,3,0.0,tie,2
adversarial_07,0.666666666667,0.244444444444,-0.166666666667,3,0.24814814814800001,helped,3
adversarial_08,1.0,0.349206349206,0.037037037037,3,0.46208112874766666,helped,1
adversarial_09,0.0,-0.2,0.0,3,-0.06666666666666667,,
adversarial_10,-0.333333333333,-0.020105820106,0.147619047619,3,-0.06860670194000001,restricted,9
adversarial_11,0.0,0.0,0.037037037037,3,0.012345679012333334,,
adversarial_13,0.0,0.0,0.041666666667,3,0.013888888889,,
adversarial_14,-0.333333333333,-0.074074074074,-0.007142857143,3,-0.13818342151666668,restricted,7
adversarial_15,0.0,-0.1,-0.066666666667,3,-0.055555555555666665,,
adversarial_16,0.0,-0.311111111111,0.0,3,-0.10370370370366666,,
adversarial_17,-0.333333333333,0.027777777778,0.095085470085,3,-0.07015669515666667,restricted,8
adversarial_18,0.0,-0.044444444444,0.027777777778,3,-0.005555555555333334,,
adversarial_20,0.0,0.126984126984,0.372619047619,3,0.16653439153433333,,
edge_01,0.0,0.098412698413,-0.041666666667,3,0.018915343915333335,,
edge_02,0.0,-0.022222222222,0.0,3,-0.007407407407333334,,
edge_03,0.0,0.055555555556,0.0,3,0.018518518518666666,,
edge_04,0.0,-0.055555555556,0.0,3,-0.018518518518666666,,
edge_05,-0.666666666667,-0.222222222222,0.0,3,-0.29629629629633336,restricted,1
edge_06,0.0,-0.053968253968,0.041666666667,3,-0.004100529100333333,,
edge_07,-0.333333333333,0.0,-0.222222222222,3,-0.18518518518500002,restricted,5
edge_08,0.333333333333,0.0,-0.083333333333,3,0.08333333333333334,helped,6
edge_09,0.0,-0.101587301587,-0.083333333333,3,-0.06164021164,,
edge_10,0.333333333333,-0.2,-0.277777777778,3,-0.048148148148333327,helped,8
edge_11,0.0,-0.126984126984,0.111111111111,3,-0.005291005290999999,,
edge_12,0.0,-0.333333333333,0.0,3,-0.11111111111100001,,
edge_13,-0.5,-0.228571428571,-0.1,3,-0.2761904761903333,restricted,2
edge_14,0.0,-0.088888888889,0.010582010582,3,-0.026102292768999998,,
edge_15,0.0,-0.2,0.0,3,-0.06666666666666667,,
edge_17,0.0,-0.166666666667,0.0,3,-0.055555555555666665,,
edge_18,0.0,-0.3,0.0,3,-0.09999999999999999,,
edge_19,0.333333333333,-0.436507936508,0.0,3,-0.034391534391666666,helped,7
edge_20,0.0,0.0,0.138888888889,3,0.046296296296333334,,
happy_path_01,0.333333333333,0.014285714286,0.027777777778,3,0.12513227513233335,helped,5
happy_path_02,0.0,-0.055555555556,0.0,3,-0.018518518518666666,,
happy_path_03,0.0,-0.055555555556,-0.177777777778,3,-0.077777777778,,
happy_path_04,0.0,-0.088888888889,0.0,3,-0.029629629629666667,,
happy_path_05,0.0,-0.044444444444,0.0,3,-0.014814814814666668,,
happy_path_06,0.333333333333,0.055555555556,0.047619047619,3,0.14550264550266667,helped,4
happy_path_07,0.0,0.0,0.0,3,0.0,tie,1
happy_path_08,0.0,-0.277777777778,-0.055555555556,3,-0.11111111111133333,,
happy_path_10,0.0,-0.033333333333,-0.041666666667,3,-0.025,,
happy_path_11,-0.666666666667,-0.044444444444,0.022222222222,3,-0.22962962962966668,restricted,4
happy_path_12,0.0,-0.033333333333,0.0,3,-0.011111111111,,
happy_path_13,0.0,-0.133333333333,0.0,3,-0.04444444444433333,,
happy_path_14,0.0,-0.055555555556,0.041666666667,3,-0.004629629629666667,,
happy_path_15,0.0,0.111111111111,0.111111111111,3,0.074074074074,,
happy_path_16,-0.333333333333,-0.222222222222,0.0,3,-0.18518518518500002,restricted,6
happy_path_17,0.0,-0.055555555556,0.016666666667,3,-0.012962962963,,
happy_path_18,-0.666666666667,0.016666666667,-0.083333333333,3,-0.24444444444433333,restricted,3
happy_path_19,0.0,0.2,0.0,3,0.06666666666666667,,
happy_path_20,0.0,-0.055555555556,-0.066666666667,3,-0.040740740741,,
