stratum,count,n,n_dropped_unpaired,baseline_mean,fsm_mean,mean_diff,fsm_lower,equal,fsm_higher
overall,n_required,59,1,1.4745762711864407,1.4745762711864407,0.0,0,59,0
overall,tp,59,1,1.1666666666666667,1.0593220338983051,-0.10734463276832204,20,33,6
overall,fn,59,1,0.307909604519774,0.4152542372881356,0.10734463276832204,6,33,20
overall,fp,59,1,2.2005649717514126,2.194915254237288,-0.005649717514118638,20,10,29
overall,extra_supported_fact,59,1,1.8333333333333333,1.9350282485875707,0.10169491525425424,22,12,25
overall,unsupported_claim,59,1,0.3672316384180791,0.2598870056497175,-0.10734463276833899,19,25,15
overall,n_checkable_claims,59,1,5.805084745762712,5.186440677966102,-0.6186440677965763,40,4,15
happy_path,n_required,20,0,1.35,1.35,0.0,0,20,0
happy_path,tp,20,0,1.25,1.1666666666666667,-0.08333333333325,5,15,0
happy_path,fn,20,0,0.1,0.18333333333333332,0.08333333333325,0,15,5
happy_path,fp,20,0,1.8083333333333333,1.95,0.1416666666667,6,3,11
happy_path,extra_supported_fact,20,0,1.6416666666666666,1.75,0.1083333333333,6,6,8
happy_path,unsupported_claim,20,0,0.16666666666666666,0.19999999999999998,0.03333333333335,5,10,5
happy_path,n_checkable_claims,20,0,5.466666666666667,4.833333333333333,-0.6333333333333,13,2,5
edge,n_required,20,0,1.3,1.3,0.0,0,20,0
edge,tp,20,0,1.1333333333333333,0.8583333333333333,-0.27499999999995,10,10,0
edge,fn,20,0,0.16666666666666666,0.44166666666666665,0.27499999999995,0,10,10
edge,fp,20,0,2.1833333333333336,2.183333333333333,1.3877787807814458e-18,8,4,8
edge,extra_supported_fact,20,0,2.0,1.9666666666666666,-0.033333333333250004,10,5,5
edge,unsupported_claim,20,0,0.18333333333333332,0.21666666666666667,0.03333333333335,4,10,6
edge,n_checkable_claims,20,0,5.316666666666666,4.391666666666667,-0.92499999999995,15,1,4
adversarial,n_required,19,1,1.7894736842105263,1.7894736842105263,0.0,0,19,0
adversarial,tp,19,1,1.1140350877192982,1.1578947368421053,0.04385964912278947,5,8,6
adversarial,fn,19,1,0.6754385964912281,0.631578947368421,-0.04385964912278947,6,8,5
adversarial,fp,19,1,2.6315789473684212,2.4649122807017543,-0.1666666666666842,6,3,10
adversarial,extra_supported_fact,19,1,1.8596491228070176,2.0964912280701755,0.2368421052631579,6,1,12
adversarial,unsupported_claim,19,1,0.7719298245614035,0.3684210526315789,-0.40350877192978946,10,5,4
adversarial,n_checkable_claims,19,1,6.675438596491228,6.394736842105264,-0.28070175438594736,12,1,6
