Métrica,Categoria,Agente,n cenários,Média,DP,IC 95% inf.,IC 95% sup.
Tarefa concluída,Caminho feliz,Baseline,20,"0,750","0,388","0,583","0,900"
Tarefa concluída,Caminho feliz,FSM,20,"0,717","0,363","0,567","0,867"
Tarefa concluída,Borda,Baseline,20,"0,833","0,296","0,700","0,950"
Tarefa concluída,Borda,FSM,20,"0,742","0,392","0,558","0,900"
Tarefa concluída,Adversarial,Baseline,19,"0,518","0,461","0,316","0,719"
Tarefa concluída,Adversarial,FSM,20,"0,650","0,411","0,467","0,817"
F1 dos fatos esperados,Caminho feliz,Baseline,20,"0,663","0,195","0,579","0,746"
F1 dos fatos esperados,Caminho feliz,FSM,20,"0,598","0,216","0,506","0,690"
F1 dos fatos esperados,Borda,Baseline,20,"0,554","0,256","0,441","0,660"
F1 dos fatos esperados,Borda,FSM,20,"0,570","0,197","0,487","0,654"
F1 dos fatos esperados,Adversarial,Baseline,19,"0,544","0,338","0,392","0,687"
F1 dos fatos esperados,Adversarial,FSM,20,"0,605","0,308","0,470","0,732"
Suporte das afirmações,Caminho feliz,Baseline,20,"0,771","0,139","0,711","0,829"
Suporte das afirmações,Caminho feliz,FSM,20,"0,806","0,113","0,757","0,852"
Suporte das afirmações,Borda,Baseline,20,"0,719","0,162","0,647","0,786"
Suporte das afirmações,Borda,FSM,20,"0,755","0,156","0,686","0,818"
Suporte das afirmações,Adversarial,Baseline,19,"0,763","0,168","0,685","0,833"
Suporte das afirmações,Adversarial,FSM,20,"0,842","0,125","0,788","0,894"
