scenario_id,agent,repetition
adversarial_01,fsm,3
adversarial_02,baseline,3
adversarial_03,baseline,1
adversarial_03,fsm,2
adversarial_03,fsm,3
adversarial_04,fsm,2
adversarial_05,baseline,2
adversarial_06,baseline,1
adversarial_06,fsm,3
adversarial_07,baseline,2
adversarial_08,fsm,1
adversarial_08,fsm,3
adversarial_09,fsm,1
adversarial_09,fsm,3
adversarial_10,fsm,1
adversarial_11,baseline,1
adversarial_14,fsm,2
adversarial_15,fsm,2
adversarial_16,baseline,2
adversarial_16,fsm,1
adversarial_16,fsm,3
adversarial_17,fsm,1
adversarial_17,fsm,3
adversarial_18,baseline,3
adversarial_20,fsm,3
edge_01,fsm,3
edge_02,baseline,1
edge_02,baseline,3
edge_02,fsm,1
edge_03,fsm,2
edge_04,baseline,1
edge_04,baseline,2
edge_04,fsm,1
edge_05,baseline,3
edge_06,baseline,1
edge_06,fsm,2
edge_07,baseline,1
edge_07,fsm,1
edge_07,fsm,3
edge_08,baseline,1
edge_08,fsm,2
edge_09,fsm,1
edge_09,fsm,2
edge_10,baseline,1
edge_10,baseline,2
edge_10,fsm,2
edge_10,fsm,3
edge_12,baseline,2
edge_12,fsm,2
edge_13,baseline,1
edge_14,baseline,1
edge_14,fsm,2
edge_14,fsm,3
edge_15,baseline,3
edge_17,fsm,3
edge_19,baseline,1
edge_20,baseline,2
edge_20,baseline,3
edge_20,fsm,1
happy_path_01,fsm,1
happy_path_01,fsm,3
happy_path_02,baseline,1
happy_path_02,fsm,1
happy_path_02,fsm,3
happy_path_03,baseline,2
happy_path_03,fsm,2
happy_path_03,fsm,3
happy_path_04,baseline,3
happy_path_05,baseline,1
happy_path_05,baseline,2
happy_path_05,fsm,2
happy_path_06,baseline,1
happy_path_06,fsm,3
happy_path_07,baseline,1
happy_path_07,baseline,2
happy_path_07,fsm,1
happy_path_07,fsm,2
happy_path_08,baseline,1
happy_path_08,baseline,3
happy_path_09,baseline,1
happy_path_09,baseline,3
happy_path_10,baseline,2
happy_path_10,fsm,3
happy_path_11,baseline,3
happy_path_12,baseline,2
happy_path_12,baseline,3
happy_path_13,fsm,1
happy_path_13,fsm,2
happy_path_13,fsm,3
happy_path_14,fsm,1
happy_path_14,fsm,2
happy_path_14,fsm,3
happy_path_15,baseline,1
happy_path_15,baseline,3
happy_path_15,fsm,1
happy_path_15,fsm,3
happy_path_16,baseline,1
happy_path_16,baseline,3
happy_path_16,fsm,2
happy_path_17,baseline,3
happy_path_17,fsm,1
happy_path_17,fsm,3
happy_path_19,baseline,1
happy_path_19,baseline,3
happy_path_19,fsm,1
happy_path_20,baseline,2
happy_path_20,fsm,2
