population,stratum,metric,agent,n_scenarios,n_dialogues,mean,sd,median,ci_low,ci_high,mean_intra_scenario_sd,claim_support_total_dialogues,claim_support_na_dialogues,claim_support_na_pct,claim_support_aggregatable_dialogues,claim_support_complete_pairs,claim_support_pairs_excluded_either_na
human_primary,overall,task_completed,baseline,59,173,0.7033898305084746,0.4024205933072845,1.0,0.6016949152542372,0.8022598870056498,0.13164327605969062,,,,,,
human_primary,overall,task_completed,fsm,60,175,0.7027777777777777,0.384604459258609,1.0,0.6055555555555555,0.7972222222222222,0.16855442522407726,,,,,,
human_primary,happy_path,task_completed,baseline,20,59,0.75,0.38805256772973096,1.0,0.5833333333333334,0.9,0.11547005383792515,,,,,,
human_primary,happy_path,task_completed,fsm,20,60,0.7166666666666667,0.3631409437522018,1.0,0.5666666666666667,0.8666666666666667,0.202072594216369,,,,,,
human_primary,edge,task_completed,baseline,20,60,0.8333333333333334,0.2961744388795462,1.0,0.7,0.95,0.14433756729740643,,,,,,
human_primary,edge,task_completed,fsm,20,58,0.7416666666666667,0.3917086576967886,1.0,0.5583333333333333,0.9,0.12195787943777124,,,,,,
human_primary,adversarial,task_completed,baseline,19,54,0.5175438596491228,0.4611269637238365,0.5,0.3157894736842105,0.7192982456140351,0.13550875493085693,,,,,,
human_primary,adversarial,task_completed,fsm,20,57,0.65,0.411458680324082,0.8333333333333333,0.4666666666666667,0.8166666666666667,0.18232113763882918,,,,,,
human_primary,overall,fact_precision,baseline,59,173,0.5165321495829971,0.27356792695749244,0.5333333333333333,0.44622780468119455,0.585411622276029,0.2141471558336141,,,,,,
human_primary,overall,fact_precision,fsm,60,175,0.5500066137566137,0.24889812402381967,0.6111111111111112,0.4873675595238095,0.6111574074074074,0.29341625794693316,,,,,,
human_primary,happy_path,fact_precision,baseline,20,59,0.5784722222222223,0.21219304742667305,0.5833333333333334,0.4886076388888889,0.6716701388888888,0.24052789963634677,,,,,,
human_primary,happy_path,fact_precision,fsm,20,60,0.5575,0.21878388997666245,0.5972222222222223,0.46444444444444444,0.6511180555555555,0.32807560727030316,,,,,,
human_primary,edge,fact_precision,baseline,20,60,0.4698809523809524,0.2690450283647632,0.4305555555555556,0.3549970238095238,0.5831011904761904,0.17899011786842609,,,,,,
human_primary,edge,fact_precision,fsm,20,58,0.50375,0.20522392048043991,0.5694444444444444,0.4194409722222222,0.5915312499999998,0.29374201528025173,,,,,,
human_primary,adversarial,fact_precision,baseline,19,54,0.5004385964912281,0.332055502313771,0.5333333333333333,0.352046783625731,0.6419590643274854,0.22389859379189783,,,,,,
human_primary,adversarial,fact_precision,fsm,20,57,0.5887698412698412,0.31384007997971436,0.6527777777777777,0.4509890873015873,0.7193303571428572,0.256589829887261,,,,,,
human_primary,overall,fact_recall,baseline,59,173,0.795668549905838,0.323191941206135,1.0,0.7109227871939736,0.8728813559322034,0.10089124754770279,,,,,,
human_primary,overall,fact_recall,fsm,60,175,0.737037037037037,0.2984083933579566,0.8333333333333334,0.6592592592592592,0.812037037037037,0.19748843846452724,,,,,,
human_primary,happy_path,fact_recall,baseline,20,59,0.8916666666666666,0.2166516713959264,1.0,0.7916666666666666,0.975,0.0769800358919501,,,,,,
human_primary,happy_path,fact_recall,fsm,20,60,0.7472222222222222,0.28809776966559425,0.8888888888888888,0.6222222222222222,0.8666666666666667,0.19726134197312212,,,,,,
human_primary,edge,fact_recall,baseline,20,60,0.8277777777777777,0.3147345385552468,1.0,0.6833333333333333,0.95,0.08179128813519698,,,,,,
human_primary,edge,fact_recall,fsm,20,58,0.7736111111111111,0.2742872800929579,1.0,0.65,0.8875,0.17812556691340997,,,,,,
human_primary,adversarial,fact_recall,baseline,19,54,0.6608187134502924,0.3897234153612427,0.6666666666666666,0.4853801169590643,0.8245614035087719,0.14868143762354558,,,,,,
human_primary,adversarial,fact_recall,fsm,20,57,0.6902777777777778,0.33832459489958766,0.75,0.5416666666666666,0.8291666666666667,0.21810945745665605,,,,,,
human_primary,overall,fact_f1,baseline,59,173,0.587772397094431,0.26899643652465977,0.6,0.5190983992467043,0.6545066585956417,0.18358280140398656,,,,,,
human_primary,overall,fact_f1,fsm,60,175,0.5910626102292769,0.24134138181282308,0.6277777777777778,0.5294042107583775,0.6501065917107584,0.25298545487213747,,,,,,
human_primary,happy_path,fact_f1,baseline,20,59,0.6627777777777778,0.19494172001916005,0.6833333333333333,0.5794444444444444,0.7461249999999998,0.19861521714294617,,,,,,
human_primary,happy_path,fact_f1,fsm,20,60,0.5978571428571429,0.2155879703174356,0.6111111111111112,0.5062678571428572,0.6900019841269841,0.27137318169252306,,,,,,
human_primary,edge,fact_f1,baseline,20,60,0.5539285714285714,0.2562973396373457,0.538888888888889,0.4406736111111111,0.660000992063492,0.1536653291247299,,,,,,
human_primary,edge,fact_f1,fsm,20,58,0.57,0.19732124192448183,0.5277777777777778,0.4872222222222222,0.6539027777777775,0.2524277539065561,,,,,,
human_primary,adversarial,fact_f1,baseline,19,54,0.5444444444444444,0.33793591148634805,0.5833333333333333,0.39188596491228067,0.686843149540518,0.20012175311542768,,,,,,
human_primary,adversarial,fact_f1,fsm,20,57,0.6053306878306879,0.30777328318142533,0.7055555555555556,0.4699064153439153,0.7318650793650794,0.23421700660392256,,,,,,
human_primary,overall,claim_support,baseline,59,173,0.7508066086455917,0.15578564414741577,0.7480769230769231,0.7099508277739209,0.7894325599463311,0.1545675531292827,173,0,0.0,173,59,1
human_primary,overall,claim_support,fsm,60,175,0.8010809875846108,0.13506371533772893,0.8206349206349206,0.7667580114464172,0.8342654312273876,0.16310831930945202,175,0,0.0,175,59,1
human_primary,happy_path,claim_support,baseline,20,59,0.7710912698412699,0.13899275713903214,0.7583333333333333,0.7109122023809523,0.8290491071428571,0.1502989942177149,59,0,0.0,59,20,0
human_primary,happy_path,claim_support,fsm,20,60,0.8057407407407408,0.11268704110455648,0.8107142857142857,0.7567847222222223,0.8523551587301587,0.15546034960461305,60,0,0.0,60,20,0
human_primary,edge,claim_support,baseline,20,60,0.7189550264550264,0.16213148947265216,0.7259920634920635,0.6474193121693123,0.785707671957672,0.14263289139826033,60,0,0.0,60,20,0
human_primary,edge,claim_support,fsm,20,58,0.7550066137566137,0.15567885617984528,0.7968253968253969,0.6856324404761904,0.8178708664021165,0.16863343996268182,58,0,0.0,58,20,0
human_primary,adversarial,claim_support,baseline,19,54,0.7629823149559991,0.1682868971570537,0.7777777777777778,0.6845769581295897,0.8328020426211216,0.17257113162104956,54,0,0.0,54,19,1
human_primary,adversarial,claim_support,fsm,20,57,0.8424956082564778,0.1250987714790628,0.85,0.7878369408369409,0.8942823322510822,0.1653428972585143,57,0,0.0,57,19,1
human_primary,overall,unsupported_claim_rate,baseline,59,173,0.2491933913544083,0.15578564414741577,0.2519230769230769,0.21056744005366887,0.29004917222607896,0.1545675531292827,,,,,,
human_primary,overall,unsupported_claim_rate,fsm,60,175,0.19891901241538923,0.13506371533772893,0.17936507936507937,0.16573456877261228,0.23324198855358275,0.16310831930945202,,,,,,
human_primary,happy_path,unsupported_claim_rate,baseline,20,59,0.22890873015873017,0.13899275713903217,0.24166666666666664,0.17095089285714288,0.2890877976190476,0.1502989942177149,,,,,,
human_primary,happy_path,unsupported_claim_rate,fsm,20,60,0.19425925925925927,0.1126870411045565,0.18928571428571428,0.14764484126984126,0.24321527777777777,0.15546034960461305,,,,,,
human_primary,edge,unsupported_claim_rate,baseline,20,60,0.28104497354497354,0.16213148947265216,0.2740079365079365,0.21429232804232803,0.35258068783068774,0.14263289139826033,,,,,,
human_primary,edge,unsupported_claim_rate,fsm,20,58,0.24499338624338624,0.15567885617984528,0.20317460317460317,0.1821291335978836,0.3143675595238095,0.16863343996268182,,,,,,
human_primary,adversarial,unsupported_claim_rate,baseline,19,54,0.23701768504400084,0.1682868971570537,0.22222222222222224,0.1671979573788784,0.3154230418704103,0.1725711316210496,,,,,,
human_primary,adversarial,unsupported_claim_rate,fsm,20,57,0.15750439174352218,0.1250987714790628,0.15,0.10571766774891773,0.21216305916305914,0.1653428972585143,,,,,,
human_primary,overall,n_checkable_claims,baseline,59,173,5.748587570621469,2.005589144713029,5.666666666666667,5.242937853107344,6.265536723163842,1.4487372825653542,,,,,,
human_primary,overall,n_checkable_claims,fsm,60,175,5.65,2.7364974107599744,5.0,4.991666666666666,6.377777777777778,1.645523963246666,,,,,,
human_primary,happy_path,n_checkable_claims,baseline,20,59,4.95,1.5756739948389376,4.5,4.316666666666666,5.65,1.1731130459272037,,,,,,
human_primary,happy_path,n_checkable_claims,fsm,20,60,4.45,1.4070623871753194,4.0,3.8666666666666667,5.067083333333327,1.5093208035021881,,,,,,
human_primary,edge,n_checkable_claims,baseline,20,60,5.766666666666667,1.7441631985447619,5.833333333333334,5.033333333333333,6.516666666666667,1.4269445268962466,,,,,,
human_primary,edge,n_checkable_claims,fsm,20,58,4.925,1.9304235513791521,4.833333333333334,4.15,5.833333333333333,1.243021313740571,,,,,,
human_primary,adversarial,n_checkable_claims,baseline,19,54,6.5701754385964914,2.3890928785474594,6.333333333333333,5.543859649122807,7.640350877192982,1.7792006073511963,,,,,,
human_primary,adversarial,n_checkable_claims,fsm,20,57,7.575,3.4025596660017223,6.833333333333334,6.216666666666667,9.058541666666663,2.2125827098262163,,,,,,
