scenario_id,agent,repetition,blind_dialogue_id,dialogue_id,task_completed,task_completed_label,fact_precision,fact_recall,fact_f1,claim_support,unsupported_claim_rate,n_checkable_claims,n_true_positives,n_false_positives,n_false_negatives,n_uncertain_claims,fact_ids_stated
happy_path_09,baseline,1,D001,happy_path_09__baseline__rep01,False,no,0.3333333333333333,0.5,0.4,0.6666666666666666,0.33333333333333337,6,1,2,1,0,F28
happy_path_01,fsm,1,D002,happy_path_01__fsm__rep01,True,yes,0.6666666666666666,0.6666666666666666,0.6666666666666666,0.8333333333333334,0.16666666666666663,6,2,1,1,0,F09;F10
adversarial_19,baseline,3,D003,adversarial_19__baseline__rep03,True,yes,0.75,1.0,0.8571428571428571,0.9333333333333333,0.06666666666666665,15,3,1,0,0,F03;F04;F28
happy_path_19,baseline,2,D004,happy_path_19__baseline__rep02,True,yes,1.0,1.0,1.0,1.0,0.0,4,1,0,0,0,F31
adversarial_06,fsm,1,D005,adversarial_06__fsm__rep01,False,no,0.3333333333333333,0.5,0.4,0.6,0.4,5,1,2,1,0,F04
happy_path_07,fsm,2,D006,happy_path_07__fsm__rep02,True,yes,1.0,1.0,1.0,1.0,0.0,3,2,0,0,0,F23;F24
happy_path_09,fsm,2,D007,happy_path_09__fsm__rep02,False,no,1.0,0.5,0.6666666666666666,1.0,0.0,2,1,0,1,0,F28
happy_path_02,baseline,2,D008,happy_path_02__baseline__rep02,True,yes,1.0,1.0,1.0,1.0,0.0,4,1,0,0,0,F11
happy_path_18,fsm,2,D009,happy_path_18__fsm__rep02,False,no,0.0,0.0,0.0,1.0,0.0,8,0,0,1,0,
happy_path_18,baseline,2,D010,happy_path_18__baseline__rep02,True,yes,0.25,1.0,0.4,0.75,0.25,12,1,3,0,0,F20
edge_05,baseline,3,D011,edge_05__baseline__rep03,True,yes,0.5,1.0,0.6666666666666666,0.8333333333333334,0.16666666666666663,6,1,1,0,0,F17
edge_06,baseline,3,D012,edge_06__baseline__rep03,True,yes,0.6666666666666666,1.0,0.8,0.875,0.125,8,2,1,0,0,F17;F22
adversarial_09,baseline,3,D013,adversarial_09__baseline__rep03,False,no,0.0,0.0,0.0,0.5714285714285714,0.4285714285714286,7,0,3,1,0,
edge_15,baseline,3,D014,edge_15__baseline__rep03,True,yes,0.25,1.0,0.4,0.5714285714285714,0.4285714285714286,7,1,3,0,0,F05
adversarial_11,baseline,3,D015,adversarial_11__baseline__rep03,True,yes,1.0,1.0,1.0,1.0,0.0,6,1,0,0,0,F27
adversarial_19,fsm,2,D016,adversarial_19__fsm__rep02,True,yes,1.0,0.6666666666666666,0.8,1.0,0.0,7,2,0,1,0,F03;F04
adversarial_04,fsm,2,D017,adversarial_04__fsm__rep02,True,yes,1.0,1.0,1.0,1.0,0.0,11,3,0,0,0,F01;F03;F04
adversarial_08,baseline,3,D018,adversarial_08__baseline__rep03,False,no,1.0,0.6666666666666666,0.8,1.0,0.0,7,2,0,1,0,F03;F04
happy_path_20,fsm,1,D019,happy_path_20__fsm__rep01,True,yes,0.3333333333333333,1.0,0.5,0.7777777777777778,0.2222222222222222,9,1,2,0,0,F37
adversarial_05,baseline,3,D020,adversarial_05__baseline__rep03,False,no,0.0,0.0,0.0,0.3333333333333333,0.6666666666666667,3,0,2,1,0,
adversarial_20,baseline,3,D021,adversarial_20__baseline__rep03,False,no,0.2,0.5,0.28571428571428575,0.42857142857142855,0.5714285714285714,7,1,4,1,0,F03
happy_path_18,baseline,3,D022,happy_path_18__baseline__rep03,True,yes,1.0,1.0,1.0,1.0,0.0,6,1,0,0,0,F20
edge_17,baseline,3,D023,edge_17__baseline__rep03,True,yes,0.5,1.0,0.6666666666666666,0.8,0.19999999999999996,5,1,1,0,0,F16
edge_16,baseline,1,D024,edge_16__baseline__rep01,True,yes,1.0,1.0,1.0,1.0,0.0,3,1,0,0,0,F36
adversarial_01,baseline,2,D025,adversarial_01__baseline__rep02,False,no,0.25,0.5,0.3333333333333333,0.25,0.75,4,1,3,1,0,F10
happy_path_11,baseline,3,D026,happy_path_11__baseline__rep03,True,yes,0.5,1.0,0.6666666666666666,0.6666666666666666,0.33333333333333337,3,1,1,0,0,F30
adversarial_13,fsm,1,D027,adversarial_13__fsm__rep01,True,yes,0.3333333333333333,1.0,0.5,0.6,0.4,5,1,2,0,0,F32
happy_path_10,fsm,2,D028,happy_path_10__fsm__rep02,True,yes,1.0,1.0,1.0,1.0,0.0,5,1,0,0,0,F27
edge_03,baseline,1,D029,edge_03__baseline__rep01,True,yes,0.5,1.0,0.6666666666666666,0.8,0.19999999999999996,5,1,1,0,0,F05
edge_07,baseline,3,D030,edge_07__baseline__rep03,True,yes,0.0,0.0,0.0,0.6666666666666666,0.33333333333333337,3,0,1,1,0,
adversarial_01,baseline,3,D031,adversarial_01__baseline__rep03,False,no,0.16666666666666666,0.5,0.25,0.5,0.5,10,1,5,1,0,F10
edge_01,baseline,3,D032,edge_01__baseline__rep03,True,yes,1.0,1.0,1.0,1.0,0.0,3,2,0,0,0,F09;F10
happy_path_08,fsm,1,D033,happy_path_08__fsm__rep01,True,yes,0.3333333333333333,1.0,0.5,0.6,0.4,5,1,2,0,0,F25
happy_path_09,baseline,2,D034,happy_path_09__baseline__rep02,False,no,0.3333333333333333,0.5,0.4,0.3333333333333333,0.6666666666666667,3,1,2,1,0,F28
edge_15,fsm,2,D035,edge_15__fsm__rep02,True,yes,0.5,1.0,0.6666666666666666,0.8571428571428571,0.1428571428571429,7,1,1,0,0,F05
adversarial_17,fsm,1,D036,adversarial_17__fsm__rep01,False,no,0.0,0.0,0.0,0.8571428571428571,0.1428571428571429,7,0,1,2,0,
adversarial_15,fsm,3,D037,adversarial_15__fsm__rep03,True,yes,0.5,1.0,0.6666666666666666,0.8,0.19999999999999996,5,1,1,0,0,F37
adversarial_05,fsm,3,D038,adversarial_05__fsm__rep03,False,no,0.0,0.0,0.0,0.5,0.5,2,0,1,1,0,
edge_19,baseline,2,D039,edge_19__baseline__rep02,False,no,0.4,0.6666666666666666,0.5,0.5,0.5,6,2,3,1,0,F28;F31
happy_path_05,fsm,1,D040,happy_path_05__fsm__rep01,False,no,0.5,0.3333333333333333,0.4,0.6666666666666666,0.33333333333333337,3,1,1,2,0,F22
edge_02,baseline,3,D041,edge_02__baseline__rep03,False,no,0.3333333333333333,1.0,0.5,0.7142857142857143,0.2857142857142857,7,1,2,0,0,F12
adversarial_20,fsm,1,D042,adversarial_20__fsm__rep01,False,no,1.0,0.5,0.6666666666666666,1.0,0.0,9,1,0,1,0,F03
adversarial_17,fsm,3,D043,adversarial_17__fsm__rep03,True,yes,1.0,1.0,1.0,1.0,0.0,10,2,0,0,0,F03;F04
edge_14,baseline,2,D044,edge_14__baseline__rep02,True,yes,0.6666666666666666,1.0,0.8,0.8888888888888888,0.11111111111111116,9,2,1,0,0,F32;F33
happy_path_05,fsm,2,D045,happy_path_05__fsm__rep02,False,no,1.0,0.3333333333333333,0.5,1.0,0.0,2,1,0,2,0,F22
edge_18,baseline,3,D046,edge_18__baseline__rep03,True,yes,0.5,1.0,0.6666666666666666,0.875,0.125,8,1,1,0,0,F19
edge_10,fsm,3,D047,edge_10__fsm__rep03,True,yes,0.0,0.0,0.0,0.75,0.25,4,0,1,1,0,
edge_19,fsm,2,D048,edge_19__fsm__rep02,False,no,1.0,0.6666666666666666,0.8,1.0,0.0,5,2,0,1,0,F28;F31
adversarial_15,fsm,2,D049,adversarial_15__fsm__rep02,True,yes,0.5,1.0,0.6666666666666666,0.8333333333333334,0.16666666666666663,6,1,1,0,0,F37
adversarial_17,baseline,3,D050,adversarial_17__baseline__rep03,False,no,0.0,0.0,0.0,0.6,0.4,10,0,4,2,0,
adversarial_02,fsm,3,D051,adversarial_02__fsm__rep03,True,yes,0.6666666666666666,1.0,0.8,0.8,0.19999999999999996,5,2,1,0,0,F03;F04
edge_02,baseline,2,D052,edge_02__baseline__rep02,True,yes,1.0,1.0,1.0,1.0,0.0,6,1,0,0,0,F12
edge_09,fsm,1,D053,edge_09__fsm__rep01,False,no,0.5,0.5,0.5,0.6666666666666666,0.33333333333333337,3,1,1,1,0,F28
edge_14,baseline,3,D054,edge_14__baseline__rep03,True,yes,0.5,1.0,0.6666666666666666,0.7142857142857143,0.2857142857142857,7,2,2,0,0,F32;F33
adversarial_10,fsm,2,D055,adversarial_10__fsm__rep02,False,no,1.0,0.5,0.6666666666666666,1.0,0.0,4,1,0,1,0,F03
edge_12,baseline,3,D056,edge_12__baseline__rep03,True,yes,0.3333333333333333,1.0,0.5,0.7142857142857143,0.2857142857142857,7,1,2,0,0,F28
happy_path_10,baseline,3,D057,happy_path_10__baseline__rep03,True,yes,0.3333333333333333,1.0,0.5,0.6666666666666666,0.33333333333333337,6,1,2,0,0,F27
happy_path_17,baseline,1,D058,happy_path_17__baseline__rep01,True,yes,0.3333333333333333,1.0,0.5,0.6,0.4,5,1,2,0,0,F15
edge_17,fsm,3,D059,edge_17__fsm__rep03,True,yes,0.3333333333333333,1.0,0.5,0.6666666666666666,0.33333333333333337,6,1,2,0,0,F16
edge_20,baseline,1,D060,edge_20__baseline__rep01,True,yes,0.14285714285714285,1.0,0.25,0.25,0.75,8,1,6,0,0,F33
happy_path_05,baseline,1,D061,happy_path_05__baseline__rep01,False,no,0.6666666666666666,0.6666666666666666,0.6666666666666666,0.75,0.25,4,2,1,1,0,F17;F22
happy_path_04,fsm,1,D062,happy_path_04__fsm__rep01,True,yes,0.25,1.0,0.4,0.4,0.6,5,1,3,0,0,F13
adversarial_18,fsm,2,D063,adversarial_18__fsm__rep02,True,yes,1.0,1.0,1.0,1.0,0.0,11,2,0,0,0,F03;F04
edge_07,baseline,1,D064,edge_07__baseline__rep01,True,yes,0.0,0.0,0.0,0.25,0.75,4,0,3,1,0,
adversarial_01,baseline,1,D065,adversarial_01__baseline__rep01,False,no,0.0,0.0,0.0,0.125,0.875,8,0,7,2,0,
adversarial_06,baseline,2,D066,adversarial_06__baseline__rep02,False,no,0.3333333333333333,0.5,0.4,0.75,0.25,8,1,2,1,0,F04
happy_path_06,fsm,2,D067,happy_path_06__fsm__rep02,False,no,0.0,0.0,0.0,1.0,0.0,4,0,0,1,0,
edge_11,fsm,1,D068,edge_11__fsm__rep01,True,yes,0.5,1.0,0.6666666666666666,0.9,0.09999999999999998,10,1,1,0,0,F05
happy_path_06,baseline,1,D069,happy_path_06__baseline__rep01,False,no,0.0,0.0,0.0,1.0,0.0,3,0,0,1,0,
adversarial_09,baseline,2,D070,adversarial_09__baseline__rep02,False,no,0.0,0.0,0.0,0.6666666666666666,0.33333333333333337,6,0,2,1,0,
adversarial_02,baseline,2,D071,adversarial_02__baseline__rep02,True,yes,0.6666666666666666,1.0,0.8,0.8,0.19999999999999996,5,2,1,0,0,F03;F04
adversarial_02,baseline,3,D072,adversarial_02__baseline__rep03,True,yes,0.6666666666666666,1.0,0.8,0.8333333333333334,0.16666666666666663,6,2,1,0,0,F03;F04
adversarial_16,baseline,2,D073,adversarial_16__baseline__rep02,True,yes,0.3333333333333333,1.0,0.5,0.3333333333333333,0.6666666666666667,6,2,4,0,0,F03;F04
edge_13,baseline,2,D074,edge_13__baseline__rep02,True,yes,0.25,1.0,0.4,0.4,0.6,5,1,3,0,0,F32
happy_path_14,baseline,1,D075,happy_path_14__baseline__rep01,True,yes,1.0,1.0,1.0,1.0,0.0,6,1,0,0,0,F34
adversarial_20,baseline,2,D076,adversarial_20__baseline__rep02,False,no,0.2,0.5,0.28571428571428575,0.42857142857142855,0.5714285714285714,7,1,4,1,0,F03
edge_04,baseline,2,D077,edge_04__baseline__rep02,True,yes,0.5,1.0,0.6666666666666666,0.75,0.25,4,1,1,0,0,F11
edge_11,baseline,3,D078,edge_11__baseline__rep03,False,no,0.3333333333333333,1.0,0.5,0.75,0.25,8,1,2,0,0,F05
adversarial_15,baseline,1,D079,adversarial_15__baseline__rep01,True,yes,1.0,1.0,1.0,1.0,0.0,4,1,0,0,0,F37
happy_path_14,baseline,2,D080,happy_path_14__baseline__rep02,True,yes,1.0,1.0,1.0,1.0,0.0,5,1,0,0,0,F34
adversarial_19,fsm,1,D081,adversarial_19__fsm__rep01,True,yes,1.0,0.3333333333333333,0.5,1.0,0.0,6,1,0,2,0,F04
edge_02,fsm,1,D082,edge_02__fsm__rep01,True,yes,1.0,1.0,1.0,1.0,0.0,5,1,0,0,0,F12
edge_16,fsm,2,D083,edge_16__fsm__rep02,True,yes,0.0,0.0,0.0,0.5714285714285714,0.4285714285714286,7,0,3,1,0,
edge_16,fsm,3,D084,edge_16__fsm__rep03,True,yes,0.0,0.0,0.0,0.25,0.75,4,0,3,1,0,
adversarial_20,fsm,2,D085,adversarial_20__fsm__rep02,False,no,0.0,0.0,0.0,0.42857142857142855,0.5714285714285714,7,0,4,2,0,
adversarial_11,fsm,1,D086,adversarial_11__fsm__rep01,True,yes,0.5,1.0,0.6666666666666666,0.8,0.19999999999999996,5,1,1,0,0,F27
edge_01,fsm,1,D087,edge_01__fsm__rep01,True,yes,0.5,1.0,0.6666666666666666,0.6,0.4,5,2,2,0,0,F09;F10
happy_path_17,fsm,3,D088,happy_path_17__fsm__rep03,True,yes,1.0,1.0,1.0,1.0,0.0,2,1,0,0,0,F15
adversarial_19,baseline,2,D089,adversarial_19__baseline__rep02,False,no,0.0,0.0,0.0,0.625,0.375,8,0,3,3,0,
adversarial_11,fsm,3,D090,adversarial_11__fsm__rep03,True,yes,0.5,1.0,0.6666666666666666,0.8333333333333334,0.16666666666666663,6,1,1,0,0,F27
adversarial_10,baseline,1,D091,adversarial_10__baseline__rep01,False,no,0.6666666666666666,1.0,0.8,0.75,0.25,4,2,1,0,0,F03;F04
adversarial_06,baseline,1,D092,adversarial_06__baseline__rep01,False,no,0.0,0.0,0.0,1.0,0.0,2,0,0,2,0,
happy_path_20,baseline,2,D093,happy_path_20__baseline__rep02,True,yes,1.0,1.0,1.0,1.0,0.0,6,1,0,0,0,F37
adversarial_18,fsm,1,D094,adversarial_18__fsm__rep01,True,yes,1.0,1.0,1.0,1.0,0.0,11,2,0,0,0,F03;F04
happy_path_18,fsm,1,D095,happy_path_18__fsm__rep01,True,yes,1.0,1.0,1.0,1.0,0.0,5,1,0,0,0,F20
edge_12,baseline,1,D096,edge_12__baseline__rep01,True,yes,0.3333333333333333,1.0,0.5,0.6666666666666666,0.33333333333333337,6,1,2,0,0,F28
happy_path_10,baseline,1,D097,happy_path_10__baseline__rep01,True,yes,0.5,1.0,0.6666666666666666,0.8571428571428571,0.1428571428571429,7,1,1,0,0,F27
adversarial_14,baseline,3,D098,adversarial_14__baseline__rep03,True,yes,1.0,1.0,1.0,1.0,0.0,6,2,0,0,0,F03;F04
adversarial_13,fsm,2,D099,adversarial_13__fsm__rep02,True,yes,1.0,1.0,1.0,1.0,0.0,3,1,0,0,0,F32
adversarial_06,fsm,3,D100,adversarial_06__fsm__rep03,False,no,0.0,0.0,0.0,1.0,0.0,2,0,0,2,0,
edge_06,fsm,3,D101,edge_06__fsm__rep03,False,no,1.0,0.5,0.6666666666666666,1.0,0.0,3,1,0,1,0,F22
edge_17,baseline,1,D102,edge_17__baseline__rep01,True,yes,0.25,1.0,0.4,0.5714285714285714,0.4285714285714286,7,1,3,0,0,F16
happy_path_08,fsm,3,D103,happy_path_08__fsm__rep03,True,yes,0.5,1.0,0.6666666666666666,0.6666666666666666,0.33333333333333337,3,1,1,0,0,F25
edge_10,fsm,2,D104,edge_10__fsm__rep02,True,yes,0.0,0.0,0.0,0.3333333333333333,0.6666666666666667,3,0,2,1,0,
happy_path_11,baseline,2,D105,happy_path_11__baseline__rep02,True,yes,0.3333333333333333,1.0,0.5,0.5,0.5,4,1,2,0,0,F30
happy_path_11,fsm,1,D106,happy_path_11__fsm__rep01,False,no,0.0,0.0,0.0,0.8333333333333334,0.16666666666666663,6,0,1,1,0,
happy_path_07,baseline,2,D107,happy_path_07__baseline__rep02,True,yes,1.0,1.0,1.0,1.0,0.0,3,2,0,0,0,F23;F24
edge_04,fsm,3,D108,edge_04__fsm__rep03,True,yes,0.5,1.0,0.6666666666666666,0.6666666666666666,0.33333333333333337,3,1,1,0,0,F11
adversarial_09,fsm,1,D109,adversarial_09__fsm__rep01,False,no,0.0,0.0,0.0,0.8,0.19999999999999996,5,0,1,1,0,
happy_path_06,baseline,2,D110,happy_path_06__baseline__rep02,False,no,0.0,0.0,0.0,0.75,0.25,4,0,1,1,0,
happy_path_04,baseline,1,D111,happy_path_04__baseline__rep01,True,yes,0.2,1.0,0.33333333333333337,0.3333333333333333,0.6666666666666667,6,1,4,0,0,F13
happy_path_03,baseline,3,D112,happy_path_03__baseline__rep03,True,yes,0.5,1.0,0.6666666666666666,0.8,0.19999999999999996,5,1,1,0,0,F14
edge_03,fsm,3,D113,edge_03__fsm__rep03,True,yes,0.5,1.0,0.6666666666666666,0.8,0.19999999999999996,5,1,1,0,0,F05
edge_02,fsm,3,D114,edge_02__fsm__rep03,True,yes,0.3333333333333333,1.0,0.5,0.7142857142857143,0.2857142857142857,7,1,2,0,0,F12
edge_06,fsm,2,D115,edge_06__fsm__rep02,False,no,0.3333333333333333,0.5,0.4,0.6666666666666666,0.33333333333333337,6,1,2,1,0,F22
edge_04,fsm,2,D116,edge_04__fsm__rep02,True,yes,1.0,1.0,1.0,1.0,0.0,4,1,0,0,0,F11
edge_07,baseline,2,D117,edge_07__baseline__rep02,True,yes,0.0,0.0,0.0,0.3333333333333333,0.6666666666666667,3,0,2,1,0,
happy_path_15,baseline,1,D118,happy_path_15__baseline__rep01,True,yes,0.3333333333333333,1.0,0.5,0.6,0.4,5,1,2,0,0,F35
adversarial_17,baseline,1,D119,adversarial_17__baseline__rep01,False,no,0.4,1.0,0.5714285714285715,0.7692307692307693,0.23076923076923073,13,2,3,0,0,F03;F04
happy_path_20,baseline,1,D120,happy_path_20__baseline__rep01,True,yes,0.5,1.0,0.6666666666666666,0.8333333333333334,0.16666666666666663,6,1,1,0,0,F37
adversarial_02,baseline,1,D121,adversarial_02__baseline__rep01,True,yes,1.0,1.0,1.0,1.0,0.0,8,2,0,0,0,F03;F04
happy_path_17,fsm,1,D122,happy_path_17__fsm__rep01,True,yes,0.5,1.0,0.6666666666666666,0.8,0.19999999999999996,5,1,1,0,0,F15
happy_path_12,fsm,2,D123,happy_path_12__fsm__rep02,True,yes,0.5,1.0,0.6666666666666666,0.8333333333333334,0.16666666666666663,6,1,1,0,0,F29
adversarial_07,fsm,3,D124,adversarial_07__fsm__rep03,False,no,0.0,0.0,0.0,0.25,0.75,4,0,3,1,0,
happy_path_16,fsm,3,D125,happy_path_16__fsm__rep03,True,yes,0.5,1.0,0.6666666666666666,0.75,0.25,4,1,1,0,0,F36
adversarial_14,baseline,1,D126,adversarial_14__baseline__rep01,True,yes,1.0,1.0,1.0,1.0,0.0,6,2,0,0,0,F03;F04
adversarial_10,fsm,3,D127,adversarial_10__fsm__rep03,True,yes,0.6666666666666666,1.0,0.8,0.875,0.125,8,2,1,0,0,F03;F04
edge_10,baseline,1,D128,edge_10__baseline__rep01,True,yes,0.0,0.0,0.0,0.6666666666666666,0.33333333333333337,6,0,2,1,0,
happy_path_12,fsm,1,D129,happy_path_12__fsm__rep01,False,no,0.0,0.0,0.0,0.5,0.5,4,0,2,1,0,
edge_12,fsm,3,D130,edge_12__fsm__rep03,True,yes,0.5,1.0,0.6666666666666666,0.75,0.25,4,1,1,0,0,F28
happy_path_14,fsm,1,D131,happy_path_14__fsm__rep01,True,yes,0.0,0.0,0.0,0.6,0.4,5,0,2,1,0,
happy_path_17,baseline,3,D132,happy_path_17__baseline__rep03,True,yes,1.0,1.0,1.0,1.0,0.0,4,1,0,0,0,F15
edge_04,fsm,1,D133,edge_04__fsm__rep01,True,yes,0.3333333333333333,1.0,0.5,0.6,0.4,5,1,2,0,0,F11
happy_path_07,baseline,1,D134,happy_path_07__baseline__rep01,True,yes,0.6666666666666666,1.0,0.8,0.8,0.19999999999999996,5,2,1,0,0,F23;F24
happy_path_06,fsm,3,D135,happy_path_06__fsm__rep03,False,no,0.0,0.0,0.0,0.75,0.25,4,0,1,1,0,
adversarial_16,fsm,1,D136,adversarial_16__fsm__rep01,True,yes,0.6666666666666666,1.0,0.8,0.8,0.19999999999999996,5,2,1,0,0,F03;F04
adversarial_08,baseline,2,D137,adversarial_08__baseline__rep02,False,no,1.0,0.3333333333333333,0.5,1.0,0.0,5,1,0,2,0,F03
edge_01,fsm,3,D138,edge_01__fsm__rep03,True,yes,0.25,0.5,0.3333333333333333,0.4,0.6,5,1,3,1,0,F09
edge_02,fsm,2,D139,edge_02__fsm__rep02,True,yes,0.5,1.0,0.6666666666666666,0.8,0.19999999999999996,5,1,1,0,0,F12
adversarial_16,fsm,3,D140,adversarial_16__fsm__rep03,True,yes,0.6666666666666666,1.0,0.8,0.8571428571428571,0.1428571428571429,7,2,1,0,0,F03;F04
happy_path_05,fsm,3,D141,happy_path_05__fsm__rep03,False,no,0.3333333333333333,0.3333333333333333,0.3333333333333333,0.5,0.5,4,1,2,2,0,F22
edge_15,fsm,3,D142,edge_15__fsm__rep03,True,yes,0.5,1.0,0.6666666666666666,0.8333333333333334,0.16666666666666663,6,1,1,0,0,F05
edge_15,baseline,2,D143,edge_15__baseline__rep02,True,yes,0.3333333333333333,1.0,0.5,0.6666666666666666,0.33333333333333337,6,1,2,0,0,F05
happy_path_15,baseline,2,D144,happy_path_15__baseline__rep02,True,yes,0.5,1.0,0.6666666666666666,0.75,0.25,4,1,1,0,0,F35
adversarial_08,fsm,3,D145,adversarial_08__fsm__rep03,True,yes,0.75,1.0,0.8571428571428571,0.9333333333333333,0.06666666666666665,15,3,1,0,0,F01;F03;F04
adversarial_13,fsm,3,D146,adversarial_13__fsm__rep03,True,yes,0.5,1.0,0.6666666666666666,0.8333333333333334,0.16666666666666663,6,1,1,0,0,F32
adversarial_20,fsm,3,D147,adversarial_20__fsm__rep03,True,yes,1.0,1.0,1.0,1.0,0.0,9,2,0,0,0,F03;F04
adversarial_11,baseline,2,D148,adversarial_11__baseline__rep02,True,yes,0.3333333333333333,1.0,0.5,0.7142857142857143,0.2857142857142857,7,1,2,0,0,F27
happy_path_14,fsm,2,D149,happy_path_14__fsm__rep02,True,yes,0.0,0.0,0.0,0.5714285714285714,0.4285714285714286,7,0,3,1,0,
edge_09,fsm,3,D150,edge_09__fsm__rep03,False,no,0.25,0.5,0.3333333333333333,0.25,0.75,4,1,3,1,0,F28
adversarial_05,fsm,2,D151,adversarial_05__fsm__rep02,False,no,0.0,0.0,0.0,0.8,0.19999999999999996,5,0,1,1,0,
happy_path_07,fsm,3,D152,happy_path_07__fsm__rep03,True,yes,0.6666666666666666,1.0,0.8,0.75,0.25,4,2,1,0,0,F23;F24
edge_13,baseline,3,D153,edge_13__baseline__rep03,True,yes,0.2,1.0,0.33333333333333337,0.5,0.5,8,1,4,0,0,F32
edge_20,fsm,3,D154,edge_20__fsm__rep03,True,yes,0.2,1.0,0.33333333333333337,0.5,0.5,8,1,4,0,0,F33
happy_path_02,baseline,3,D155,happy_path_02__baseline__rep03,True,yes,1.0,1.0,1.0,1.0,0.0,4,1,0,0,0,F11
edge_11,baseline,1,D156,edge_11__baseline__rep01,True,yes,0.25,1.0,0.4,0.625,0.375,8,1,3,0,0,F05
happy_path_15,fsm,1,D157,happy_path_15__fsm__rep01,True,yes,0.5,1.0,0.6666666666666666,0.75,0.25,4,1,1,0,0,F35
adversarial_17,baseline,2,D158,adversarial_17__baseline__rep02,False,no,0.6666666666666666,1.0,0.8,0.875,0.125,8,2,1,0,0,F03;F04
happy_path_08,baseline,1,D159,happy_path_08__baseline__rep01,True,yes,1.0,1.0,1.0,1.0,0.0,4,1,0,0,0,F25
edge_11,fsm,2,D160,edge_11__fsm__rep02,True,yes,0.3333333333333333,1.0,0.5,0.75,0.25,8,1,2,0,0,F05
happy_path_13,baseline,2,D161,happy_path_13__baseline__rep02,True,yes,0.5,1.0,0.6666666666666666,0.75,0.25,8,2,2,0,0,F32;F33
happy_path_09,fsm,3,D162,happy_path_09__fsm__rep03,False,no,0.3333333333333333,0.5,0.4,0.6,0.4,5,1,2,1,0,F28
happy_path_01,baseline,2,D163,happy_path_01__baseline__rep02,True,yes,0.6,1.0,0.7499999999999999,0.6666666666666666,0.33333333333333337,6,3,2,0,0,F09;F10;F12
edge_04,baseline,3,D164,edge_04__baseline__rep03,True,yes,1.0,1.0,1.0,1.0,0.0,3,1,0,0,0,F11
edge_08,baseline,1,D165,edge_08__baseline__rep01,True,yes,0.5,1.0,0.6666666666666666,0.75,0.25,4,1,1,0,0,F25
edge_13,fsm,1,D166,edge_13__fsm__rep01,True,yes,0.5,1.0,0.6666666666666666,0.8,0.19999999999999996,5,1,1,0,0,F32
adversarial_10,baseline,2,D167,adversarial_10__baseline__rep02,True,yes,0.6666666666666666,1.0,0.8,0.8333333333333334,0.16666666666666663,6,2,1,0,0,F03;F04
adversarial_02,fsm,1,D168,adversarial_02__fsm__rep01,True,yes,1.0,1.0,1.0,1.0,0.0,10,2,0,0,0,F03;F04
adversarial_05,baseline,1,D169,adversarial_05__baseline__rep01,False,no,0.0,0.0,0.0,1.0,0.0,2,0,0,1,0,
edge_05,baseline,2,D170,edge_05__baseline__rep02,True,yes,1.0,1.0,1.0,1.0,0.0,3,1,0,0,0,F17
happy_path_19,baseline,1,D171,happy_path_19__baseline__rep01,True,yes,1.0,1.0,1.0,1.0,0.0,2,1,0,0,0,F31
edge_17,fsm,1,D172,edge_17__fsm__rep01,False,no,0.0,0.0,0.0,0.8,0.19999999999999996,5,0,1,1,0,
adversarial_03,fsm,2,D173,adversarial_03__fsm__rep02,True,yes,1.0,1.0,1.0,1.0,0.0,4,1,0,0,0,F16
edge_07,fsm,3,D174,edge_07__fsm__rep03,False,no,0.3333333333333333,1.0,0.5,0.3333333333333333,0.6666666666666667,3,1,2,0,0,F05
edge_09,baseline,3,D175,edge_09__baseline__rep03,True,yes,0.6666666666666666,1.0,0.8,0.8,0.19999999999999996,5,2,1,0,0,F26;F28
happy_path_12,baseline,3,D176,happy_path_12__baseline__rep03,True,yes,0.5,1.0,0.6666666666666666,0.6666666666666666,0.33333333333333337,3,1,1,0,0,F29
adversarial_09,fsm,3,D177,adversarial_09__fsm__rep03,False,no,0.0,0.0,0.0,1.0,0.0,1,0,0,1,0,
edge_11,fsm,3,D178,edge_11__fsm__rep03,True,yes,0.2,1.0,0.33333333333333337,0.7142857142857143,0.2857142857142857,14,1,4,0,0,F05
edge_12,fsm,2,D179,edge_12__fsm__rep02,True,yes,0.5,1.0,0.6666666666666666,0.6666666666666666,0.33333333333333337,3,1,1,0,0,F28
edge_03,fsm,1,D180,edge_03__fsm__rep01,True,yes,0.5,1.0,0.6666666666666666,0.6666666666666666,0.33333333333333337,3,1,1,0,0,F05
adversarial_09,fsm,2,D181,adversarial_09__fsm__rep02,False,no,0.0,0.0,0.0,0.6666666666666666,0.33333333333333337,3,0,1,1,0,
edge_19,baseline,1,D182,edge_19__baseline__rep01,False,no,0.5,0.3333333333333333,0.4,0.8,0.19999999999999996,5,1,1,2,0,F31
happy_path_20,fsm,2,D183,happy_path_20__fsm__rep02,True,yes,0.5,1.0,0.6666666666666666,0.8,0.19999999999999996,5,1,1,0,0,F37
adversarial_15,baseline,3,D184,adversarial_15__baseline__rep03,True,yes,1.0,1.0,1.0,1.0,0.0,6,1,0,0,0,F37
edge_16,fsm,1,D185,edge_16__fsm__rep01,True,yes,0.5,1.0,0.6666666666666666,0.75,0.25,4,1,1,0,0,F36
adversarial_14,fsm,2,D186,adversarial_14__fsm__rep02,False,no,0.0,0.0,0.0,0.0,1.0,2,0,2,2,0,
edge_14,fsm,2,D187,edge_14__fsm__rep02,True,yes,0.6666666666666666,1.0,0.8,0.8333333333333334,0.16666666666666663,6,2,1,0,0,F32;F33
edge_12,fsm,1,D188,edge_12__fsm__rep01,True,yes,1.0,1.0,1.0,1.0,0.0,2,1,0,0,0,F28
adversarial_03,baseline,2,D189,adversarial_03__baseline__rep02,True,yes,1.0,1.0,1.0,1.0,0.0,8,1,0,0,0,F16
happy_path_11,fsm,2,D190,happy_path_11__fsm__rep02,False,no,0.0,0.0,0.0,0.5,0.5,4,0,2,1,0,
edge_10,baseline,3,D191,edge_10__baseline__rep03,True,yes,0.0,0.0,0.0,0.6666666666666666,0.33333333333333337,6,0,2,1,0,
edge_05,baseline,1,D192,edge_05__baseline__rep01,True,yes,1.0,1.0,1.0,1.0,0.0,2,1,0,0,0,F17
adversarial_05,baseline,2,D193,adversarial_05__baseline__rep02,False,no,0.0,0.0,0.0,0.5,0.5,2,0,1,1,0,
adversarial_01,fsm,3,D194,adversarial_01__fsm__rep03,False,no,1.0,0.5,0.6666666666666666,1.0,0.0,7,1,0,1,0,F10
edge_08,baseline,2,D195,edge_08__baseline__rep02,False,no,0.5,1.0,0.6666666666666666,0.8333333333333334,0.16666666666666663,6,1,1,0,0,F25
edge_14,fsm,3,D196,edge_14__fsm__rep03,True,yes,1.0,1.0,1.0,1.0,0.0,6,2,0,0,0,F32;F33
happy_path_12,baseline,1,D197,happy_path_12__baseline__rep01,False,no,0.0,0.0,0.0,0.5,0.5,6,0,3,1,0,
adversarial_20,baseline,1,D198,adversarial_20__baseline__rep01,True,yes,1.0,1.0,1.0,1.0,0.0,6,2,0,0,0,F03;F04
edge_08,fsm,3,D199,edge_08__fsm__rep03,True,yes,0.5,1.0,0.6666666666666666,0.8,0.19999999999999996,5,1,1,0,0,F25
adversarial_05,fsm,1,D200,adversarial_05__fsm__rep01,False,no,0.0,0.0,0.0,0.8,0.19999999999999996,5,0,1,1,0,
edge_10,fsm,1,D201,edge_10__fsm__rep01,True,yes,1.0,1.0,1.0,1.0,0.0,5,1,0,0,0,F26
happy_path_20,baseline,3,D202,happy_path_20__baseline__rep03,True,yes,0.5,1.0,0.6666666666666666,0.8,0.19999999999999996,5,1,1,0,0,F37
edge_17,baseline,2,D203,edge_17__baseline__rep02,True,yes,0.25,1.0,0.4,0.5714285714285714,0.4285714285714286,7,1,3,0,0,F16
happy_path_04,fsm,2,D204,happy_path_04__fsm__rep02,True,yes,1.0,1.0,1.0,1.0,0.0,3,1,0,0,0,F13
edge_18,baseline,2,D205,edge_18__baseline__rep02,True,yes,1.0,1.0,1.0,1.0,0.0,8,1,0,0,0,F19
happy_path_13,baseline,1,D206,happy_path_13__baseline__rep01,True,yes,0.6666666666666666,1.0,0.8,0.8333333333333334,0.16666666666666663,6,2,1,0,0,F32;F33
edge_14,fsm,1,D207,edge_14__fsm__rep01,True,yes,0.6666666666666666,1.0,0.8,0.8571428571428571,0.1428571428571429,7,2,1,0,0,F32;F33
happy_path_08,fsm,2,D208,happy_path_08__fsm__rep02,True,yes,0.2,1.0,0.33333333333333337,0.5,0.5,8,1,4,0,0,F25
happy_path_01,fsm,2,D209,happy_path_01__fsm__rep02,True,yes,1.0,1.0,1.0,1.0,0.0,5,3,0,0,0,F09;F10;F12
adversarial_11,baseline,1,D210,adversarial_11__baseline__rep01,True,yes,0.5,1.0,0.6666666666666666,0.875,0.125,8,1,1,0,0,F27
adversarial_14,fsm,1,D211,adversarial_14__fsm__rep01,True,yes,1.0,1.0,1.0,1.0,0.0,7,2,0,0,0,F03;F04
happy_path_19,fsm,1,D212,happy_path_19__fsm__rep01,True,yes,1.0,1.0,1.0,1.0,0.0,1,1,0,0,0,F31
happy_path_13,fsm,3,D213,happy_path_13__fsm__rep03,False,no,1.0,0.5,0.6666666666666666,1.0,0.0,4,1,0,1,0,F33
edge_05,fsm,3,D214,edge_05__fsm__rep03,False,no,0.0,0.0,0.0,1.0,0.0,2,0,0,1,0,
happy_path_11,baseline,1,D215,happy_path_11__baseline__rep01,True,yes,0.5,1.0,0.6666666666666666,0.8,0.19999999999999996,5,1,1,0,0,F30
adversarial_04,fsm,1,D216,adversarial_04__fsm__rep01,True,yes,0.6,1.0,0.7499999999999999,0.8181818181818182,0.18181818181818177,11,3,2,0,0,F01;F03;F04
adversarial_04,baseline,3,D217,adversarial_04__baseline__rep03,False,no,0.3333333333333333,0.3333333333333333,0.3333333333333333,0.6,0.4,5,1,2,2,0,F03
happy_path_14,baseline,3,D218,happy_path_14__baseline__rep03,True,yes,0.5,1.0,0.6666666666666666,0.8333333333333334,0.16666666666666663,6,1,1,0,0,F34
adversarial_18,baseline,2,D219,adversarial_18__baseline__rep02,True,yes,0.5,1.0,0.6666666666666666,0.8333333333333334,0.16666666666666663,12,2,2,0,0,F03;F04
happy_path_16,baseline,2,D220,happy_path_16__baseline__rep02,True,yes,1.0,1.0,1.0,1.0,0.0,2,1,0,0,0,F36
adversarial_04,baseline,2,D221,adversarial_04__baseline__rep02,True,yes,0.6,1.0,0.7499999999999999,0.8,0.19999999999999996,10,3,2,0,0,F01;F03;F04
edge_11,baseline,2,D222,edge_11__baseline__rep02,True,yes,0.5,1.0,0.6666666666666666,0.75,0.25,4,1,1,0,0,F05
adversarial_03,baseline,3,D223,adversarial_03__baseline__rep03,True,yes,1.0,1.0,1.0,1.0,0.0,6,1,0,0,0,F16
adversarial_16,baseline,1,D224,adversarial_16__baseline__rep01,True,yes,1.0,1.0,1.0,1.0,0.0,4,2,0,0,0,F03;F04
edge_08,fsm,2,D225,edge_08__fsm__rep02,True,yes,1.0,1.0,1.0,1.0,0.0,2,1,0,0,0,F25
happy_path_19,baseline,3,D226,happy_path_19__baseline__rep03,True,yes,1.0,1.0,1.0,1.0,0.0,2,1,0,0,0,F31
edge_13,fsm,3,D227,edge_13__fsm__rep03,False,no,0.0,0.0,0.0,1.0,0.0,2,0,0,1,0,
happy_path_09,baseline,3,D228,happy_path_09__baseline__rep03,False,no,1.0,0.5,0.6666666666666666,1.0,0.0,4,1,0,1,0,F28
adversarial_15,fsm,1,D229,adversarial_15__fsm__rep01,True,yes,1.0,1.0,1.0,1.0,0.0,6,1,0,0,0,F37
edge_03,baseline,3,D230,edge_03__baseline__rep03,True,yes,0.25,1.0,0.4,0.625,0.375,8,1,3,0,0,F05
adversarial_03,fsm,1,D231,adversarial_03__fsm__rep01,True,yes,0.0,0.0,0.0,0.875,0.125,8,0,1,1,0,
edge_09,fsm,2,D232,edge_09__fsm__rep02,False,no,1.0,0.5,0.6666666666666666,1.0,0.0,3,1,0,1,0,F28
happy_path_19,fsm,2,D233,happy_path_19__fsm__rep02,True,yes,0.5,1.0,0.6666666666666666,0.6666666666666666,0.33333333333333337,3,1,1,0,0,F31
adversarial_16,baseline,3,D234,adversarial_16__baseline__rep03,True,yes,1.0,1.0,1.0,1.0,0.0,3,2,0,0,0,F03;F04
adversarial_11,fsm,2,D235,adversarial_11__fsm__rep02,True,yes,1.0,1.0,1.0,1.0,0.0,6,1,0,0,0,F27
edge_18,fsm,2,D236,edge_18__fsm__rep02,True,yes,1.0,1.0,1.0,1.0,0.0,4,1,0,0,0,F19
happy_path_14,fsm,3,D237,happy_path_14__fsm__rep03,True,yes,0.3333333333333333,1.0,0.5,0.8,0.19999999999999996,10,1,2,0,0,F34
edge_16,baseline,2,D238,edge_16__baseline__rep02,True,yes,0.5,1.0,0.6666666666666666,0.6666666666666666,0.33333333333333337,3,1,1,0,0,F36
adversarial_01,fsm,1,D239,adversarial_01__fsm__rep01,False,no,0.0,0.0,0.0,0.5,0.5,8,0,4,2,0,
happy_path_01,fsm,3,D240,happy_path_01__fsm__rep03,False,no,0.5,0.6666666666666666,0.5714285714285715,0.7142857142857143,0.2857142857142857,7,2,2,1,0,F10;F12
adversarial_09,baseline,1,D241,adversarial_09__baseline__rep01,False,no,0.0,0.0,0.0,0.6666666666666666,0.33333333333333337,6,0,2,1,0,
happy_path_02,fsm,1,D242,happy_path_02__fsm__rep01,True,yes,1.0,1.0,1.0,1.0,0.0,3,1,0,0,0,F11
happy_path_03,baseline,1,D243,happy_path_03__baseline__rep01,False,no,0.25,1.0,0.4,0.5,0.5,6,1,3,0,0,F14
happy_path_08,baseline,3,D244,happy_path_08__baseline__rep03,True,yes,0.3333333333333333,1.0,0.5,0.5,0.5,4,1,2,0,0,F25
edge_18,baseline,1,D245,edge_18__baseline__rep01,True,yes,1.0,1.0,1.0,1.0,0.0,12,1,0,0,0,F19
adversarial_13,baseline,3,D246,adversarial_13__baseline__rep03,True,yes,0.5,1.0,0.6666666666666666,0.8,0.19999999999999996,5,1,1,0,0,F32
happy_path_16,fsm,1,D247,happy_path_16__fsm__rep01,False,no,0.0,0.0,0.0,0.8,0.19999999999999996,5,0,1,1,0,
happy_path_15,baseline,3,D248,happy_path_15__baseline__rep03,True,yes,0.25,1.0,0.4,0.5,0.5,6,1,3,0,0,F35
adversarial_07,fsm,1,D249,adversarial_07__fsm__rep01,True,yes,0.25,1.0,0.4,0.75,0.25,12,1,3,0,0,F18
adversarial_14,baseline,2,D250,adversarial_14__baseline__rep02,True,yes,0.6666666666666666,1.0,0.8,0.8333333333333334,0.16666666666666663,6,2,1,0,0,F03;F04
edge_06,baseline,2,D251,edge_06__baseline__rep02,False,no,0.3333333333333333,0.5,0.4,0.7142857142857143,0.2857142857142857,7,1,2,1,0,F22
adversarial_10,fsm,1,D252,adversarial_10__fsm__rep01,True,yes,1.0,1.0,1.0,1.0,0.0,5,2,0,0,0,F03;F04
happy_path_11,fsm,3,D253,happy_path_11__fsm__rep03,True,yes,1.0,1.0,1.0,1.0,0.0,1,1,0,0,0,F30
happy_path_04,baseline,3,D254,happy_path_04__baseline__rep03,False,no,0.3333333333333333,1.0,0.5,0.5,0.5,4,1,2,0,0,F13
happy_path_02,baseline,1,D255,happy_path_02__baseline__rep01,True,yes,0.5,1.0,0.6666666666666666,0.75,0.25,4,1,1,0,0,F11
happy_path_06,fsm,1,D256,happy_path_06__fsm__rep01,True,yes,1.0,1.0,1.0,1.0,0.0,2,1,0,0,0,F21
adversarial_08,fsm,1,D257,adversarial_08__fsm__rep01,True,yes,1.0,1.0,1.0,1.0,0.0,18,3,0,0,0,F01;F03;F04
edge_18,fsm,3,D258,edge_18__fsm__rep03,True,yes,0.5,1.0,0.6666666666666666,0.8888888888888888,0.11111111111111116,9,1,1,0,0,F19
edge_09,baseline,2,D259,edge_09__baseline__rep02,True,yes,0.6666666666666666,1.0,0.8,0.8,0.19999999999999996,5,2,1,0,0,F26;F28
edge_14,baseline,1,D260,edge_14__baseline__rep01,True,yes,0.25,0.5,0.3333333333333333,0.625,0.375,8,1,3,1,0,F33
edge_19,fsm,1,D261,edge_19__fsm__rep01,False,no,0.6666666666666666,0.6666666666666666,0.6666666666666666,0.8333333333333334,0.16666666666666663,6,2,1,1,0,F28;F31
adversarial_10,baseline,3,D262,adversarial_10__baseline__rep03,True,yes,0.6666666666666666,1.0,0.8,0.8888888888888888,0.11111111111111116,9,2,1,0,0,F03;F04
happy_path_10,baseline,2,D263,happy_path_10__baseline__rep02,True,yes,0.3333333333333333,1.0,0.5,0.6,0.4,5,1,2,0,0,F27
happy_path_07,fsm,1,D264,happy_path_07__fsm__rep01,True,yes,1.0,1.0,1.0,1.0,0.0,5,2,0,0,0,F23;F24
adversarial_15,baseline,2,D265,adversarial_15__baseline__rep02,True,yes,0.3333333333333333,1.0,0.5,0.6666666666666666,0.33333333333333337,6,1,2,0,0,F37
edge_06,baseline,1,D266,edge_06__baseline__rep01,False,no,1.0,0.5,0.6666666666666666,1.0,0.0,4,1,0,1,0,F22
adversarial_04,fsm,3,D267,adversarial_04__fsm__rep03,True,yes,1.0,1.0,1.0,1.0,0.0,11,3,0,0,0,F01;F03;F04
happy_path_04,baseline,2,D268,happy_path_04__baseline__rep02,False,no,0.2,1.0,0.33333333333333337,0.42857142857142855,0.5714285714285714,7,1,4,0,0,F13
edge_08,baseline,3,D269,edge_08__baseline__rep03,False,no,0.0,0.0,0.0,0.0,1.0,2,0,2,1,0,
happy_path_13,fsm,2,D270,happy_path_13__fsm__rep02,False,no,1.0,0.5,0.6666666666666666,1.0,0.0,2,1,0,1,0,F33
edge_20,baseline,3,D271,edge_20__baseline__rep03,True,yes,0.25,1.0,0.4,0.625,0.375,8,1,3,0,0,F33
happy_path_13,fsm,1,D272,happy_path_13__fsm__rep01,True,yes,0.6666666666666666,1.0,0.8,0.8,0.19999999999999996,5,2,1,0,0,F32;F33
happy_path_05,baseline,2,D273,happy_path_05__baseline__rep02,False,no,0.5,0.3333333333333333,0.4,0.6666666666666666,0.33333333333333337,3,1,1,2,0,F22
happy_path_17,baseline,2,D274,happy_path_17__baseline__rep02,True,yes,0.5,1.0,0.6666666666666666,0.8,0.19999999999999996,5,1,1,0,0,F15
happy_path_03,fsm,2,D275,happy_path_03__fsm__rep02,True,yes,0.5,1.0,0.6666666666666666,0.6666666666666666,0.33333333333333337,3,1,1,0,0,F14
adversarial_16,fsm,2,D276,adversarial_16__fsm__rep02,True,yes,0.6666666666666666,1.0,0.8,0.8,0.19999999999999996,5,2,1,0,0,F03;F04
adversarial_03,baseline,1,D277,adversarial_03__baseline__rep01,True,yes,1.0,1.0,1.0,1.0,0.0,5,1,0,0,0,F16
edge_08,fsm,1,D278,edge_08__fsm__rep01,True,yes,0.5,1.0,0.6666666666666666,0.6666666666666666,0.33333333333333337,3,1,1,0,0,F25
adversarial_06,baseline,3,D279,adversarial_06__baseline__rep03,False,no,0.0,0.0,0.0,0.3333333333333333,0.6666666666666667,3,0,2,2,0,
happy_path_03,baseline,2,D280,happy_path_03__baseline__rep02,True,yes,0.5,1.0,0.6666666666666666,0.75,0.25,4,1,1,0,0,F14
adversarial_19,fsm,3,D281,adversarial_19__fsm__rep03,True,yes,1.0,0.6666666666666666,0.8,1.0,0.0,8,2,0,1,0,F03;F04
happy_path_18,fsm,3,D282,happy_path_18__fsm__rep03,False,no,0.0,0.0,0.0,1.0,0.0,4,0,0,1,0,
edge_15,fsm,1,D283,edge_15__fsm__rep01,True,yes,1.0,1.0,1.0,1.0,0.0,4,1,0,0,0,F05
edge_20,fsm,1,D284,edge_20__fsm__rep01,True,yes,0.5,1.0,0.6666666666666666,0.875,0.125,8,1,1,0,0,F33
happy_path_12,baseline,2,D285,happy_path_12__baseline__rep02,True,yes,1.0,1.0,1.0,1.0,0.0,3,1,0,0,0,F29
happy_path_01,baseline,1,D286,happy_path_01__baseline__rep01,False,no,0.4,0.6666666666666666,0.5,0.5714285714285714,0.4285714285714286,7,2,3,1,0,F10;F12
edge_19,fsm,3,D287,edge_19__fsm__rep03,False,no,1.0,0.3333333333333333,0.5,1.0,0.0,5,1,0,2,0,F31
edge_05,fsm,2,D288,edge_05__fsm__rep02,True,yes,1.0,1.0,1.0,1.0,0.0,3,1,0,0,0,F17
happy_path_03,fsm,3,D289,happy_path_03__fsm__rep03,True,yes,0.3333333333333333,1.0,0.5,0.5,0.5,4,1,2,0,0,F14
adversarial_01,fsm,2,D290,adversarial_01__fsm__rep02,False,no,0.14285714285714285,0.5,0.22222222222222224,0.7391304347826086,0.26086956521739135,23,1,6,1,0,F10
happy_path_15,fsm,3,D291,happy_path_15__fsm__rep03,True,yes,1.0,1.0,1.0,1.0,0.0,4,1,0,0,0,F35
adversarial_07,fsm,2,D292,adversarial_07__fsm__rep02,False,no,0.25,1.0,0.4,0.7,0.30000000000000004,10,1,3,0,0,F18
adversarial_04,baseline,1,D293,adversarial_04__baseline__rep01,False,no,0.6666666666666666,0.6666666666666666,0.6666666666666666,0.875,0.125,8,2,1,1,0,F03;F04
happy_path_13,baseline,3,D294,happy_path_13__baseline__rep03,True,yes,1.0,1.0,1.0,1.0,0.0,7,2,0,0,0,F32;F33
happy_path_16,baseline,1,D295,happy_path_16__baseline__rep01,True,yes,0.3333333333333333,1.0,0.5,0.5,0.5,4,1,2,0,0,F36
happy_path_20,fsm,3,D296,happy_path_20__fsm__rep03,True,yes,1.0,1.0,1.0,1.0,0.0,5,1,0,0,0,F37
adversarial_08,fsm,2,D297,adversarial_08__fsm__rep02,True,yes,0.75,1.0,0.8571428571428571,0.9090909090909091,0.09090909090909094,11,3,1,0,0,F01;F03;F04
edge_03,fsm,2,D298,edge_03__fsm__rep02,True,yes,1.0,1.0,1.0,1.0,0.0,3,1,0,0,0,F05
happy_path_17,fsm,2,D299,happy_path_17__fsm__rep02,True,yes,0.5,1.0,0.6666666666666666,0.75,0.25,4,1,1,0,0,F15
edge_07,fsm,2,D300,edge_07__fsm__rep02,False,no,0.5,1.0,0.6666666666666666,0.5,0.5,2,1,1,0,0,F05
happy_path_16,baseline,3,D301,happy_path_16__baseline__rep03,True,yes,0.5,1.0,0.6666666666666666,0.75,0.25,4,1,1,0,0,F36
adversarial_18,fsm,3,D302,adversarial_18__fsm__rep03,True,yes,1.0,1.0,1.0,1.0,0.0,9,2,0,0,0,F03;F04
adversarial_17,fsm,2,D303,adversarial_17__fsm__rep02,True,yes,0.6666666666666666,1.0,0.8,0.8571428571428571,0.1428571428571429,7,2,1,0,0,F03;F04
edge_05,fsm,1,D304,edge_05__fsm__rep01,False,no,0.0,0.0,0.0,0.8,0.19999999999999996,5,0,1,1,0,
edge_09,baseline,1,D305,edge_09__baseline__rep01,False,no,1.0,0.5,0.6666666666666666,1.0,0.0,2,1,0,1,0,F28
adversarial_08,baseline,1,D306,adversarial_08__baseline__rep01,False,no,0.5,0.6666666666666666,0.5714285714285715,0.8181818181818182,0.18181818181818177,11,2,2,1,0,F03;F04
happy_path_08,baseline,2,D307,happy_path_08__baseline__rep02,True,yes,0.5,1.0,0.6666666666666666,0.8,0.19999999999999996,5,1,1,0,0,F25
happy_path_10,fsm,3,D308,happy_path_10__fsm__rep03,True,yes,0.3333333333333333,1.0,0.5,0.7142857142857143,0.2857142857142857,7,1,2,0,0,F27
edge_20,fsm,2,D309,edge_20__fsm__rep02,True,yes,0.2,1.0,0.33333333333333337,0.5555555555555556,0.4444444444444444,9,1,4,0,0,F33
happy_path_15,fsm,2,D310,happy_path_15__fsm__rep02,True,yes,1.0,1.0,1.0,1.0,0.0,3,1,0,0,0,F35
adversarial_14,fsm,3,D311,adversarial_14__fsm__rep03,False,no,0.5,0.5,0.5,0.8333333333333334,0.16666666666666663,6,1,1,1,0,F03
adversarial_03,fsm,3,D312,adversarial_03__fsm__rep03,True,yes,0.5,1.0,0.6666666666666666,0.9,0.09999999999999998,10,1,1,0,0,F16
edge_01,baseline,1,D313,edge_01__baseline__rep01,True,yes,1.0,1.0,1.0,1.0,0.0,4,2,0,0,0,F09;F10
edge_18,fsm,1,D314,edge_18__fsm__rep01,True,yes,0.5,1.0,0.6666666666666666,0.8,0.19999999999999996,5,1,1,0,0,F19
happy_path_09,fsm,1,D315,happy_path_09__fsm__rep01,False,no,0.5,0.5,0.5,0.75,0.25,4,1,1,1,0,F28
edge_02,baseline,1,D316,edge_02__baseline__rep01,True,yes,0.3333333333333333,1.0,0.5,0.6666666666666666,0.33333333333333337,6,1,2,0,0,F12
happy_path_02,fsm,2,D317,happy_path_02__fsm__rep02,True,yes,1.0,1.0,1.0,1.0,0.0,4,1,0,0,0,F11
edge_13,baseline,1,D318,edge_13__baseline__rep01,True,yes,0.25,1.0,0.4,0.5714285714285714,0.4285714285714286,7,1,3,0,0,F32
happy_path_05,baseline,3,D319,happy_path_05__baseline__rep03,False,no,0.5,0.3333333333333333,0.4,0.6666666666666666,0.33333333333333337,3,1,1,2,0,F22
happy_path_07,baseline,3,D320,happy_path_07__baseline__rep03,True,yes,1.0,1.0,1.0,1.0,0.0,3,2,0,0,0,F23;F24
edge_10,baseline,2,D321,edge_10__baseline__rep02,True,yes,0.0,0.0,0.0,0.6,0.4,5,0,2,1,0,
edge_01,baseline,2,D322,edge_01__baseline__rep02,True,yes,1.0,1.0,1.0,1.0,0.0,3,2,0,0,0,F09;F10
happy_path_10,fsm,1,D323,happy_path_10__fsm__rep01,True,yes,0.3333333333333333,1.0,0.5,0.8,0.19999999999999996,10,1,2,0,0,F27
happy_path_03,fsm,1,D324,happy_path_03__fsm__rep01,True,yes,0.3333333333333333,1.0,0.5,0.6,0.4,5,1,2,0,0,F14
happy_path_04,fsm,3,D325,happy_path_04__fsm__rep03,True,yes,0.5,1.0,0.6666666666666666,0.8,0.19999999999999996,5,1,1,0,0,F13
edge_15,baseline,1,D326,edge_15__baseline__rep01,True,yes,0.5,1.0,0.6666666666666666,0.75,0.25,4,1,1,0,0,F05
adversarial_18,baseline,1,D327,adversarial_18__baseline__rep01,True,yes,1.0,1.0,1.0,1.0,0.0,10,2,0,0,0,F03;F04
edge_19,baseline,3,D328,edge_19__baseline__rep03,False,no,0.6666666666666666,0.6666666666666666,0.6666666666666666,0.8333333333333334,0.16666666666666663,6,2,1,1,0,F28;F31
edge_04,baseline,1,D329,edge_04__baseline__rep01,True,yes,0.3333333333333333,1.0,0.5,0.5,0.5,4,1,2,0,0,F11
adversarial_18,baseline,3,D330,adversarial_18__baseline__rep03,True,yes,1.0,1.0,1.0,1.0,0.0,10,2,0,0,0,F03;F04
adversarial_07,baseline,2,D331,adversarial_07__baseline__rep02,False,no,0.0,0.0,0.0,0.6666666666666666,0.33333333333333337,3,0,1,1,0,
adversarial_12,fsm,1,D332,adversarial_12__fsm__rep01,True,yes,1.0,1.0,1.0,1.0,0.0,14,3,0,0,0,F01;F03;F04
edge_16,baseline,3,D333,edge_16__baseline__rep03,True,yes,0.2,1.0,0.33333333333333337,0.5555555555555556,0.4444444444444444,9,1,4,0,0,F36
happy_path_02,fsm,3,D334,happy_path_02__fsm__rep03,True,yes,0.5,1.0,0.6666666666666666,0.6666666666666666,0.33333333333333337,3,1,1,0,0,F11
happy_path_06,baseline,3,D335,happy_path_06__baseline__rep03,False,no,0.5,1.0,0.6666666666666666,0.8,0.19999999999999996,5,1,1,0,0,F21
edge_07,fsm,1,D336,edge_07__fsm__rep01,True,yes,0.3333333333333333,1.0,0.5,0.3333333333333333,0.6666666666666667,3,1,2,0,0,F05
adversarial_13,baseline,1,D337,adversarial_13__baseline__rep01,True,yes,0.25,1.0,0.4,0.5,0.5,6,1,3,0,0,F32
adversarial_02,fsm,2,D338,adversarial_02__fsm__rep02,False,no,0.25,0.5,0.3333333333333333,0.4,0.6,5,1,3,1,0,F03
happy_path_19,fsm,3,D339,happy_path_19__fsm__rep03,True,yes,0.5,1.0,0.6666666666666666,0.6666666666666666,0.33333333333333337,3,1,1,0,0,F31
edge_20,baseline,2,D340,edge_20__baseline__rep02,True,yes,0.16666666666666666,1.0,0.2857142857142857,0.5,0.5,10,1,5,0,0,F33
edge_03,baseline,2,D341,edge_03__baseline__rep02,True,yes,0.3333333333333333,1.0,0.5,0.75,0.25,8,1,2,0,0,F05
edge_12,baseline,2,D342,edge_12__baseline__rep02,True,yes,0.5,1.0,0.6666666666666666,0.8,0.19999999999999996,5,1,1,0,0,F28
edge_17,fsm,2,D343,edge_17__fsm__rep02,True,yes,0.3333333333333333,1.0,0.5,0.5,0.5,4,1,2,0,0,F16
happy_path_01,baseline,3,D344,happy_path_01__baseline__rep03,False,no,0.6,1.0,0.7499999999999999,0.8,0.19999999999999996,10,3,2,0,0,F09;F10;F12
adversarial_13,baseline,2,D345,adversarial_13__baseline__rep02,True,yes,0.3333333333333333,1.0,0.5,0.6,0.4,5,1,2,0,0,F32
edge_06,fsm,1,D346,edge_06__fsm__rep01,False,no,0.3333333333333333,0.5,0.4,0.6,0.4,5,1,2,1,0,F22
happy_path_16,fsm,2,D347,happy_path_16__fsm__rep02,True,yes,0.5,1.0,0.6666666666666666,0.6666666666666666,0.33333333333333337,3,1,1,0,0,F36
happy_path_12,fsm,3,D348,happy_path_12__fsm__rep03,True,yes,1.0,1.0,1.0,1.0,0.0,3,1,0,0,0,F29
