scenario_id,category,metric,baseline,fsm,diff
adversarial_01,adversarial,task_completed,0.0,0.0,0.0
adversarial_02,adversarial,task_completed,1.0,0.6666666666666666,-0.333333333333
adversarial_03,adversarial,task_completed,1.0,1.0,0.0
adversarial_04,adversarial,task_completed,0.3333333333333333,1.0,0.666666666667
adversarial_05,adversarial,task_completed,0.0,0.0,0.0
adversarial_06,adversarial,task_completed,0.0,0.0,0.0
adversarial_07,adversarial,task_completed,0.0,0.3333333333333333,0.333333333333
adversarial_08,adversarial,task_completed,0.0,1.0,1.0
adversarial_09,adversarial,task_completed,0.0,0.0,0.0
adversarial_10,adversarial,task_completed,0.6666666666666666,0.6666666666666666,0.0
adversarial_11,adversarial,task_completed,1.0,1.0,0.0
adversarial_13,adversarial,task_completed,1.0,1.0,0.0
adversarial_14,adversarial,task_completed,1.0,0.3333333333333333,-0.666666666667
adversarial_15,adversarial,task_completed,1.0,1.0,0.0
adversarial_16,adversarial,task_completed,1.0,1.0,0.0
adversarial_17,adversarial,task_completed,0.0,0.6666666666666666,0.666666666667
adversarial_18,adversarial,task_completed,1.0,1.0,0.0
adversarial_19,adversarial,task_completed,0.5,1.0,0.5
adversarial_20,adversarial,task_completed,0.3333333333333333,0.3333333333333333,0.0
edge_01,edge,task_completed,1.0,1.0,0.0
edge_02,edge,task_completed,0.6666666666666666,1.0,0.333333333333
edge_03,edge,task_completed,1.0,1.0,0.0
edge_04,edge,task_completed,1.0,1.0,0.0
edge_05,edge,task_completed,1.0,0.3333333333333333,-0.666666666667
edge_06,edge,task_completed,0.3333333333333333,0.0,-0.333333333333
edge_07,edge,task_completed,1.0,0.3333333333333333,-0.666666666667
edge_08,edge,task_completed,0.3333333333333333,1.0,0.666666666667
edge_09,edge,task_completed,0.6666666666666666,0.0,-0.666666666667
edge_10,edge,task_completed,1.0,1.0,0.0
edge_11,edge,task_completed,0.6666666666666666,1.0,0.333333333333
edge_12,edge,task_completed,1.0,1.0,0.0
edge_13,edge,task_completed,1.0,0.5,-0.5
edge_14,edge,task_completed,1.0,1.0,0.0
edge_15,edge,task_completed,1.0,1.0,0.0
edge_16,edge,task_completed,1.0,1.0,0.0
edge_17,edge,task_completed,1.0,0.6666666666666666,-0.333333333333
edge_18,edge,task_completed,1.0,1.0,0.0
edge_19,edge,task_completed,0.0,0.0,0.0
edge_20,edge,task_completed,1.0,1.0,0.0
happy_path_01,happy_path,task_completed,0.3333333333333333,0.6666666666666666,0.333333333333
happy_path_02,happy_path,task_completed,1.0,1.0,0.0
happy_path_03,happy_path,task_completed,0.6666666666666666,1.0,0.333333333333
happy_path_04,happy_path,task_completed,0.3333333333333333,1.0,0.666666666667
happy_path_05,happy_path,task_completed,0.0,0.0,0.0
happy_path_06,happy_path,task_completed,0.0,0.3333333333333333,0.333333333333
happy_path_07,happy_path,task_completed,1.0,1.0,0.0
happy_path_08,happy_path,task_completed,1.0,1.0,0.0
happy_path_09,happy_path,task_completed,0.0,0.0,0.0
happy_path_10,happy_path,task_completed,1.0,1.0,0.0
happy_path_11,happy_path,task_completed,1.0,0.3333333333333333,-0.666666666667
happy_path_12,happy_path,task_completed,0.6666666666666666,0.6666666666666666,0.0
happy_path_13,happy_path,task_completed,1.0,0.3333333333333333,-0.666666666667
happy_path_14,happy_path,task_completed,1.0,1.0,0.0
happy_path_15,happy_path,task_completed,1.0,1.0,0.0
happy_path_16,happy_path,task_completed,1.0,0.6666666666666666,-0.333333333333
happy_path_17,happy_path,task_completed,1.0,1.0,0.0
happy_path_18,happy_path,task_completed,1.0,0.3333333333333333,-0.666666666667
happy_path_19,happy_path,task_completed,1.0,1.0,0.0
happy_path_20,happy_path,task_completed,1.0,1.0,0.0
adversarial_01,adversarial,fact_precision,0.1388888888888889,0.38095238095238093,0.242063492063
adversarial_02,adversarial,fact_precision,0.7777777777777778,0.6388888888888888,-0.138888888889
adversarial_03,adversarial,fact_precision,1.0,0.5,-0.5
adversarial_04,adversarial,fact_precision,0.5333333333333333,0.8666666666666667,0.333333333333
adversarial_05,adversarial,fact_precision,0.0,0.0,0.0
adversarial_06,adversarial,fact_precision,0.1111111111111111,0.16666666666666666,0.055555555556
adversarial_07,adversarial,fact_precision,0.0,0.16666666666666666,0.166666666667
adversarial_08,adversarial,fact_precision,0.8333333333333334,0.8333333333333334,0.0
adversarial_09,adversarial,fact_precision,0.0,0.0,0.0
adversarial_10,adversarial,fact_precision,0.6666666666666666,0.8888888888888888,0.222222222222
adversarial_11,adversarial,fact_precision,0.6111111111111112,0.6666666666666666,0.055555555556
adversarial_13,adversarial,fact_precision,0.3611111111111111,0.6111111111111112,0.25
adversarial_14,adversarial,fact_precision,0.8888888888888888,0.5,-0.388888888889
adversarial_15,adversarial,fact_precision,0.7777777777777778,0.6666666666666666,-0.111111111111
adversarial_16,adversarial,fact_precision,0.7777777777777778,0.6666666666666666,-0.111111111111
adversarial_17,adversarial,fact_precision,0.35555555555555557,0.5555555555555556,0.2
adversarial_18,adversarial,fact_precision,0.8333333333333334,1.0,0.166666666667
adversarial_19,adversarial,fact_precision,0.375,1.0,0.625
adversarial_20,adversarial,fact_precision,0.4666666666666667,0.6666666666666666,0.2
edge_01,edge,fact_precision,1.0,0.375,-0.625
edge_02,edge,fact_precision,0.5555555555555556,0.6111111111111112,0.055555555556
edge_03,edge,fact_precision,0.3611111111111111,0.6666666666666666,0.305555555556
edge_04,edge,fact_precision,0.6111111111111112,0.6111111111111112,0.0
edge_05,edge,fact_precision,0.8333333333333334,0.3333333333333333,-0.5
edge_06,edge,fact_precision,0.6666666666666666,0.5555555555555556,-0.111111111111
edge_07,edge,fact_precision,0.0,0.3888888888888889,0.388888888889
edge_08,edge,fact_precision,0.3333333333333333,0.6666666666666666,0.333333333333
edge_09,edge,fact_precision,0.7777777777777778,0.5833333333333334,-0.194444444444
edge_10,edge,fact_precision,0.0,0.3333333333333333,0.333333333333
edge_11,edge,fact_precision,0.3611111111111111,0.34444444444444444,-0.016666666667
edge_12,edge,fact_precision,0.3888888888888889,0.6666666666666666,0.277777777778
edge_13,edge,fact_precision,0.23333333333333334,0.25,0.016666666667
edge_14,edge,fact_precision,0.4722222222222222,0.7777777777777778,0.305555555556
edge_15,edge,fact_precision,0.3611111111111111,0.6666666666666666,0.305555555556
edge_16,edge,fact_precision,0.5666666666666667,0.16666666666666666,-0.4
edge_17,edge,fact_precision,0.3333333333333333,0.2222222222222222,-0.111111111111
edge_18,edge,fact_precision,0.8333333333333334,0.6666666666666666,-0.166666666667
edge_19,edge,fact_precision,0.5222222222222223,0.8888888888888888,0.366666666667
edge_20,edge,fact_precision,0.1865079365079365,0.3,0.113492063492
happy_path_01,happy_path,fact_precision,0.5333333333333333,0.7222222222222222,0.188888888889
happy_path_02,happy_path,fact_precision,0.8333333333333334,0.8333333333333334,0.0
happy_path_03,happy_path,fact_precision,0.4166666666666667,0.3888888888888889,-0.027777777778
happy_path_04,happy_path,fact_precision,0.24444444444444444,0.5833333333333334,0.338888888889
happy_path_05,happy_path,fact_precision,0.5555555555555556,0.6111111111111112,0.055555555556
happy_path_06,happy_path,fact_precision,0.16666666666666666,0.3333333333333333,0.166666666667
happy_path_07,happy_path,fact_precision,0.8888888888888888,0.8888888888888888,0.0
happy_path_08,happy_path,fact_precision,0.6111111111111112,0.34444444444444444,-0.266666666667
happy_path_09,happy_path,fact_precision,0.5555555555555556,0.6111111111111112,0.055555555556
happy_path_10,happy_path,fact_precision,0.3888888888888889,0.5555555555555556,0.166666666667
happy_path_11,happy_path,fact_precision,0.4444444444444444,0.3333333333333333,-0.111111111111
happy_path_12,happy_path,fact_precision,0.5,0.5,0.0
happy_path_13,happy_path,fact_precision,0.7222222222222222,0.8888888888888888,0.166666666667
happy_path_14,happy_path,fact_precision,0.8333333333333334,0.1111111111111111,-0.722222222222
happy_path_15,happy_path,fact_precision,0.3611111111111111,0.8333333333333334,0.472222222222
happy_path_16,happy_path,fact_precision,0.6111111111111112,0.3333333333333333,-0.277777777778
happy_path_17,happy_path,fact_precision,0.6111111111111112,0.6666666666666666,0.055555555556
happy_path_18,happy_path,fact_precision,0.625,0.3333333333333333,-0.291666666667
happy_path_19,happy_path,fact_precision,1.0,0.6666666666666666,-0.333333333333
happy_path_20,happy_path,fact_precision,0.6666666666666666,0.6111111111111112,-0.055555555556
adversarial_01,adversarial,fact_recall,0.3333333333333333,0.3333333333333333,0.0
adversarial_02,adversarial,fact_recall,1.0,0.8333333333333334,-0.166666666667
adversarial_03,adversarial,fact_recall,1.0,0.6666666666666666,-0.333333333333
adversarial_04,adversarial,fact_recall,0.6666666666666666,1.0,0.333333333333
adversarial_05,adversarial,fact_recall,0.0,0.0,0.0
adversarial_06,adversarial,fact_recall,0.16666666666666666,0.25,0.083333333333
adversarial_07,adversarial,fact_recall,0.0,0.6666666666666666,0.666666666667
adversarial_08,adversarial,fact_recall,0.5555555555555556,1.0,0.444444444444
adversarial_09,adversarial,fact_recall,0.0,0.0,0.0
adversarial_10,adversarial,fact_recall,1.0,0.8333333333333334,-0.166666666667
adversarial_11,adversarial,fact_recall,1.0,1.0,0.0
adversarial_13,adversarial,fact_recall,1.0,1.0,0.0
adversarial_14,adversarial,fact_recall,1.0,0.5,-0.5
adversarial_15,adversarial,fact_recall,1.0,1.0,0.0
adversarial_16,adversarial,fact_recall,1.0,1.0,0.0
adversarial_17,adversarial,fact_recall,0.6666666666666666,0.6666666666666666,0.0
adversarial_18,adversarial,fact_recall,1.0,1.0,0.0
adversarial_19,adversarial,fact_recall,0.5,0.5555555555555556,0.055555555556
adversarial_20,adversarial,fact_recall,0.6666666666666666,0.5,-0.166666666667
edge_01,edge,fact_recall,1.0,0.75,-0.25
edge_02,edge,fact_recall,1.0,1.0,0.0
edge_03,edge,fact_recall,1.0,1.0,0.0
edge_04,edge,fact_recall,1.0,1.0,0.0
edge_05,edge,fact_recall,1.0,0.3333333333333333,-0.666666666667
edge_06,edge,fact_recall,0.6666666666666666,0.5,-0.166666666667
edge_07,edge,fact_recall,0.0,1.0,1.0
edge_08,edge,fact_recall,0.6666666666666666,1.0,0.333333333333
edge_09,edge,fact_recall,0.8333333333333334,0.5,-0.333333333333
edge_10,edge,fact_recall,0.0,0.3333333333333333,0.333333333333
edge_11,edge,fact_recall,1.0,1.0,0.0
edge_12,edge,fact_recall,1.0,1.0,0.0
edge_13,edge,fact_recall,1.0,0.5,-0.5
edge_14,edge,fact_recall,0.8333333333333334,1.0,0.166666666667
edge_15,edge,fact_recall,1.0,1.0,0.0
edge_16,edge,fact_recall,1.0,0.3333333333333333,-0.666666666667
edge_17,edge,fact_recall,1.0,0.6666666666666666,-0.333333333333
edge_18,edge,fact_recall,1.0,1.0,0.0
edge_19,edge,fact_recall,0.5555555555555556,0.5555555555555556,0.0
edge_20,edge,fact_recall,1.0,1.0,0.0
happy_path_01,happy_path,fact_recall,0.8888888888888888,0.7777777777777778,-0.111111111111
happy_path_02,happy_path,fact_recall,1.0,1.0,0.0
happy_path_03,happy_path,fact_recall,1.0,1.0,0.0
happy_path_04,happy_path,fact_recall,1.0,1.0,0.0
happy_path_05,happy_path,fact_recall,0.4444444444444444,0.3333333333333333,-0.111111111111
happy_path_06,happy_path,fact_recall,0.3333333333333333,0.3333333333333333,0.0
happy_path_07,happy_path,fact_recall,1.0,1.0,0.0
happy_path_08,happy_path,fact_recall,1.0,1.0,0.0
happy_path_09,happy_path,fact_recall,0.5,0.5,0.0
happy_path_10,happy_path,fact_recall,1.0,1.0,0.0
happy_path_11,happy_path,fact_recall,1.0,0.3333333333333333,-0.666666666667
happy_path_12,happy_path,fact_recall,0.6666666666666666,0.6666666666666666,0.0
happy_path_13,happy_path,fact_recall,1.0,0.6666666666666666,-0.333333333333
happy_path_14,happy_path,fact_recall,1.0,0.3333333333333333,-0.666666666667
happy_path_15,happy_path,fact_recall,1.0,1.0,0.0
happy_path_16,happy_path,fact_recall,1.0,0.6666666666666666,-0.333333333333
happy_path_17,happy_path,fact_recall,1.0,1.0,0.0
happy_path_18,happy_path,fact_recall,1.0,0.3333333333333333,-0.666666666667
happy_path_19,happy_path,fact_recall,1.0,1.0,0.0
happy_path_20,happy_path,fact_recall,1.0,1.0,0.0
adversarial_01,adversarial,fact_f1,0.19444444444444445,0.2962962962962963,0.101851851852
adversarial_02,adversarial,fact_f1,0.8666666666666667,0.7111111111111111,-0.155555555556
adversarial_03,adversarial,fact_f1,1.0,0.5555555555555556,-0.444444444444
adversarial_04,adversarial,fact_f1,0.5833333333333333,0.9166666666666666,0.333333333333
adversarial_05,adversarial,fact_f1,0.0,0.0,0.0
adversarial_06,adversarial,fact_f1,0.13333333333333333,0.2,0.066666666667
adversarial_07,adversarial,fact_f1,0.0,0.26666666666666666,0.266666666667
adversarial_08,adversarial,fact_f1,0.6238095238095238,0.9047619047619048,0.280952380952
adversarial_09,adversarial,fact_f1,0.0,0.0,0.0
adversarial_10,adversarial,fact_f1,0.8,0.8222222222222222,0.022222222222
adversarial_11,adversarial,fact_f1,0.7222222222222222,0.7777777777777778,0.055555555556
adversarial_13,adversarial,fact_f1,0.5222222222222223,0.7222222222222222,0.2
adversarial_14,adversarial,fact_f1,0.9333333333333333,0.5,-0.433333333333
adversarial_15,adversarial,fact_f1,0.8333333333333334,0.7777777777777778,-0.055555555556
adversarial_16,adversarial,fact_f1,0.8333333333333334,0.8,-0.033333333333
adversarial_17,adversarial,fact_f1,0.4571428571428572,0.6,0.142857142857
adversarial_18,adversarial,fact_f1,0.8888888888888888,1.0,0.111111111111
adversarial_19,adversarial,fact_f1,0.42857142857142855,0.7000000000000001,0.271428571429
adversarial_20,adversarial,fact_f1,0.5238095238095238,0.5555555555555556,0.031746031746
edge_01,edge,fact_f1,1.0,0.5,-0.5
edge_02,edge,fact_f1,0.6666666666666666,0.7222222222222222,0.055555555556
edge_03,edge,fact_f1,0.5222222222222223,0.7777777777777778,0.255555555556
edge_04,edge,fact_f1,0.7222222222222222,0.7222222222222222,0.0
edge_05,edge,fact_f1,0.8888888888888888,0.3333333333333333,-0.555555555556
edge_06,edge,fact_f1,0.6222222222222222,0.4888888888888889,-0.133333333333
edge_07,edge,fact_f1,0.0,0.5555555555555556,0.555555555556
edge_08,edge,fact_f1,0.4444444444444444,0.7777777777777778,0.333333333333
edge_09,edge,fact_f1,0.7555555555555555,0.5,-0.255555555556
edge_10,edge,fact_f1,0.0,0.3333333333333333,0.333333333333
edge_11,edge,fact_f1,0.5222222222222223,0.5,-0.022222222222
edge_12,edge,fact_f1,0.5555555555555556,0.7777777777777778,0.222222222222
edge_13,edge,fact_f1,0.3777777777777778,0.3333333333333333,-0.044444444444
edge_14,edge,fact_f1,0.6,0.8666666666666667,0.266666666667
edge_15,edge,fact_f1,0.5222222222222223,0.7777777777777778,0.255555555556
edge_16,edge,fact_f1,0.6666666666666666,0.2222222222222222,-0.444444444444
edge_17,edge,fact_f1,0.4888888888888889,0.3333333333333333,-0.155555555556
edge_18,edge,fact_f1,0.8888888888888888,0.7777777777777778,-0.111111111111
edge_19,edge,fact_f1,0.5222222222222223,0.6555555555555556,0.133333333333
edge_20,edge,fact_f1,0.3119047619047619,0.4444444444444445,0.13253968254
happy_path_01,happy_path,fact_f1,0.6666666666666666,0.746031746031746,0.079365079365
happy_path_02,happy_path,fact_f1,0.8888888888888888,0.8888888888888888,0.0
happy_path_03,happy_path,fact_f1,0.5777777777777777,0.5555555555555556,-0.022222222222
happy_path_04,happy_path,fact_f1,0.3888888888888889,0.6888888888888889,0.3
happy_path_05,happy_path,fact_f1,0.4888888888888889,0.4111111111111111,-0.077777777778
happy_path_06,happy_path,fact_f1,0.2222222222222222,0.3333333333333333,0.111111111111
happy_path_07,happy_path,fact_f1,0.9333333333333333,0.9333333333333333,0.0
happy_path_08,happy_path,fact_f1,0.7222222222222222,0.5,-0.222222222222
happy_path_09,happy_path,fact_f1,0.4888888888888889,0.5222222222222223,0.033333333333
happy_path_10,happy_path,fact_f1,0.5555555555555556,0.6666666666666666,0.111111111111
happy_path_11,happy_path,fact_f1,0.611111111111111,0.3333333333333333,-0.277777777778
happy_path_12,happy_path,fact_f1,0.5555555555555556,0.5555555555555556,0.0
happy_path_13,happy_path,fact_f1,0.8222222222222222,0.7111111111111111,-0.111111111111
happy_path_14,happy_path,fact_f1,0.8888888888888888,0.16666666666666666,-0.722222222222
happy_path_15,happy_path,fact_f1,0.5222222222222223,0.8888888888888888,0.366666666667
happy_path_16,happy_path,fact_f1,0.7222222222222222,0.4444444444444444,-0.277777777778
happy_path_17,happy_path,fact_f1,0.7222222222222222,0.7777777777777778,0.055555555556
happy_path_18,happy_path,fact_f1,0.7,0.3333333333333333,-0.366666666667
happy_path_19,happy_path,fact_f1,1.0,0.7777777777777778,-0.222222222222
happy_path_20,happy_path,fact_f1,0.7777777777777778,0.7222222222222222,-0.055555555556
adversarial_01,adversarial,claim_support,0.2916666666666667,0.7463768115942029,0.454710144928
adversarial_02,adversarial,claim_support,0.8777777777777778,0.7333333333333334,-0.144444444444
adversarial_03,adversarial,claim_support,1.0,0.925,-0.075
adversarial_04,adversarial,claim_support,0.7583333333333333,0.9393939393939394,0.181060606061
adversarial_05,adversarial,claim_support,0.6111111111111112,0.7000000000000001,0.088888888889
adversarial_06,adversarial,claim_support,0.6944444444444444,0.8,0.105555555556
adversarial_07,adversarial,claim_support,0.6666666666666666,0.5666666666666667,-0.1
adversarial_08,adversarial,claim_support,0.9393939393939394,0.9474747474747475,0.008080808081
adversarial_09,adversarial,claim_support,0.6349206349206349,0.8222222222222222,0.187301587302
adversarial_10,adversarial,claim_support,0.8240740740740741,0.9583333333333334,0.134259259259
adversarial_11,adversarial,claim_support,0.8630952380952381,0.8777777777777778,0.014682539683
adversarial_13,adversarial,claim_support,0.6333333333333333,0.8111111111111111,0.177777777778
adversarial_14,adversarial,claim_support,0.9444444444444444,0.6111111111111112,-0.333333333333
adversarial_15,adversarial,claim_support,0.8888888888888888,0.8777777777777778,-0.011111111111
adversarial_16,adversarial,claim_support,0.7777777777777778,0.819047619047619,0.04126984127
adversarial_17,adversarial,claim_support,0.7480769230769231,0.9047619047619048,0.156684981685
adversarial_18,adversarial,claim_support,0.9444444444444444,1.0,0.055555555556
adversarial_19,adversarial,claim_support,0.7791666666666667,1.0,0.220833333333
adversarial_20,adversarial,claim_support,0.6190476190476191,0.8095238095238095,0.190476190476
edge_01,edge,claim_support,1.0,0.5,-0.5
edge_02,edge,claim_support,0.7936507936507936,0.8380952380952381,0.044444444444
edge_03,edge,claim_support,0.725,0.8222222222222222,0.097222222222
edge_04,edge,claim_support,0.75,0.7555555555555555,0.005555555556
edge_05,edge,claim_support,0.9444444444444444,0.9333333333333333,-0.011111111111
edge_06,edge,claim_support,0.8630952380952381,0.7555555555555555,-0.10753968254
edge_07,edge,claim_support,0.41666666666666663,0.3888888888888889,-0.027777777778
edge_08,edge,claim_support,0.5277777777777778,0.8222222222222222,0.294444444444
edge_09,edge,claim_support,0.8666666666666667,0.6388888888888888,-0.227777777778
edge_10,edge,claim_support,0.6444444444444444,0.6944444444444444,0.05
edge_11,edge,claim_support,0.7083333333333334,0.7880952380952381,0.079761904762
edge_12,edge,claim_support,0.726984126984127,0.8055555555555556,0.078571428571
edge_13,edge,claim_support,0.49047619047619045,0.9,0.409523809524
edge_14,edge,claim_support,0.7427248677248677,0.8968253968253969,0.154100529101
edge_15,edge,claim_support,0.6626984126984127,0.8968253968253969,0.234126984127
edge_16,edge,claim_support,0.7407407407407407,0.5238095238095238,-0.216931216931
edge_17,edge,claim_support,0.6476190476190476,0.6555555555555556,0.007936507937
edge_18,edge,claim_support,0.9583333333333334,0.8962962962962963,-0.062037037037
edge_19,edge,claim_support,0.7111111111111111,0.9444444444444444,0.233333333333
edge_20,edge,claim_support,0.4583333333333333,0.6435185185185185,0.185185185185
happy_path_01,happy_path,claim_support,0.6793650793650794,0.8492063492063492,0.169841269841
happy_path_02,happy_path,claim_support,0.9166666666666666,0.8888888888888888,-0.027777777778
happy_path_03,happy_path,claim_support,0.6833333333333333,0.5888888888888889,-0.094444444444
happy_path_04,happy_path,claim_support,0.42063492063492064,0.7333333333333334,0.312698412698
happy_path_05,happy_path,claim_support,0.6944444444444444,0.7222222222222222,0.027777777778
happy_path_06,happy_path,claim_support,0.85,0.9166666666666666,0.066666666667
happy_path_07,happy_path,claim_support,0.9333333333333333,0.9166666666666666,-0.016666666667
happy_path_08,happy_path,claim_support,0.7666666666666667,0.5888888888888889,-0.177777777778
happy_path_09,happy_path,claim_support,0.6666666666666666,0.7833333333333333,0.116666666667
happy_path_10,happy_path,claim_support,0.7079365079365079,0.8380952380952381,0.130158730159
happy_path_11,happy_path,claim_support,0.6555555555555556,0.7777777777777778,0.122222222222
happy_path_12,happy_path,claim_support,0.7222222222222222,0.7777777777777778,0.055555555556
happy_path_13,happy_path,claim_support,0.8611111111111112,0.9333333333333333,0.072222222222
happy_path_14,happy_path,claim_support,0.9444444444444444,0.6571428571428571,-0.287301587302
happy_path_15,happy_path,claim_support,0.6166666666666667,0.9166666666666666,0.3
happy_path_16,happy_path,claim_support,0.75,0.7388888888888889,-0.011111111111
happy_path_17,happy_path,claim_support,0.8,0.85,0.05
happy_path_18,happy_path,claim_support,0.875,1.0,0.125
happy_path_19,happy_path,claim_support,1.0,0.7777777777777778,-0.222222222222
happy_path_20,happy_path,claim_support,0.8777777777777778,0.8592592592592593,-0.018518518519
adversarial_01,adversarial,unsupported_claim_rate,0.7083333333333334,0.2536231884057971,-0.454710144928
adversarial_02,adversarial,unsupported_claim_rate,0.12222222222222219,0.26666666666666666,0.144444444444
adversarial_03,adversarial,unsupported_claim_rate,0.0,0.075,0.075
adversarial_04,adversarial,unsupported_claim_rate,0.24166666666666667,0.06060606060606059,-0.181060606061
adversarial_05,adversarial,unsupported_claim_rate,0.3888888888888889,0.3,-0.088888888889
adversarial_06,adversarial,unsupported_claim_rate,0.3055555555555556,0.2,-0.105555555556
adversarial_07,adversarial,unsupported_claim_rate,0.33333333333333337,0.43333333333333335,0.1
adversarial_08,adversarial,unsupported_claim_rate,0.06060606060606059,0.05252525252525253,-0.008080808081
adversarial_09,adversarial,unsupported_claim_rate,0.3650793650793651,0.17777777777777778,-0.187301587302
adversarial_10,adversarial,unsupported_claim_rate,0.17592592592592593,0.041666666666666664,-0.134259259259
adversarial_11,adversarial,unsupported_claim_rate,0.1369047619047619,0.12222222222222219,-0.014682539683
adversarial_13,adversarial,unsupported_claim_rate,0.36666666666666664,0.18888888888888888,-0.177777777778
adversarial_14,adversarial,unsupported_claim_rate,0.055555555555555546,0.3888888888888889,0.333333333333
adversarial_15,adversarial,unsupported_claim_rate,0.11111111111111112,0.12222222222222219,0.011111111111
adversarial_16,adversarial,unsupported_claim_rate,0.22222222222222224,0.18095238095238095,-0.04126984127
adversarial_17,adversarial,unsupported_claim_rate,0.2519230769230769,0.09523809523809527,-0.156684981685
adversarial_18,adversarial,unsupported_claim_rate,0.055555555555555546,0.0,-0.055555555556
adversarial_19,adversarial,unsupported_claim_rate,0.22083333333333333,0.0,-0.220833333333
adversarial_20,adversarial,unsupported_claim_rate,0.38095238095238093,0.19047619047619047,-0.190476190476
edge_01,edge,unsupported_claim_rate,0.0,0.5,0.5
edge_02,edge,unsupported_claim_rate,0.20634920634920637,0.16190476190476188,-0.044444444444
edge_03,edge,unsupported_claim_rate,0.27499999999999997,0.17777777777777778,-0.097222222222
edge_04,edge,unsupported_claim_rate,0.25,0.24444444444444446,-0.005555555556
edge_05,edge,unsupported_claim_rate,0.055555555555555546,0.06666666666666665,0.011111111111
edge_06,edge,unsupported_claim_rate,0.1369047619047619,0.24444444444444446,0.10753968254
edge_07,edge,unsupported_claim_rate,0.5833333333333334,0.6111111111111112,0.027777777778
edge_08,edge,unsupported_claim_rate,0.4722222222222222,0.17777777777777778,-0.294444444444
edge_09,edge,unsupported_claim_rate,0.1333333333333333,0.3611111111111111,0.227777777778
edge_10,edge,unsupported_claim_rate,0.35555555555555557,0.3055555555555556,-0.05
edge_11,edge,unsupported_claim_rate,0.2916666666666667,0.2119047619047619,-0.079761904762
edge_12,edge,unsupported_claim_rate,0.273015873015873,0.19444444444444445,-0.078571428571
edge_13,edge,unsupported_claim_rate,0.5095238095238095,0.09999999999999998,-0.409523809524
edge_14,edge,unsupported_claim_rate,0.25727513227513227,0.10317460317460318,-0.154100529101
edge_15,edge,unsupported_claim_rate,0.3373015873015873,0.10317460317460318,-0.234126984127
edge_16,edge,unsupported_claim_rate,0.25925925925925924,0.4761904761904762,0.216931216931
edge_17,edge,unsupported_claim_rate,0.3523809523809524,0.34444444444444444,-0.007936507937
edge_18,edge,unsupported_claim_rate,0.041666666666666664,0.1037037037037037,0.062037037037
edge_19,edge,unsupported_claim_rate,0.28888888888888886,0.055555555555555546,-0.233333333333
edge_20,edge,unsupported_claim_rate,0.5416666666666666,0.35648148148148145,-0.185185185185
happy_path_01,happy_path,unsupported_claim_rate,0.32063492063492066,0.15079365079365079,-0.169841269841
happy_path_02,happy_path,unsupported_claim_rate,0.08333333333333333,0.11111111111111112,0.027777777778
happy_path_03,happy_path,unsupported_claim_rate,0.31666666666666665,0.41111111111111115,0.094444444444
happy_path_04,happy_path,unsupported_claim_rate,0.5793650793650794,0.26666666666666666,-0.312698412698
happy_path_05,happy_path,unsupported_claim_rate,0.3055555555555556,0.2777777777777778,-0.027777777778
happy_path_06,happy_path,unsupported_claim_rate,0.15,0.08333333333333333,-0.066666666667
happy_path_07,happy_path,unsupported_claim_rate,0.06666666666666665,0.08333333333333333,0.016666666667
happy_path_08,happy_path,unsupported_claim_rate,0.2333333333333333,0.41111111111111115,0.177777777778
happy_path_09,happy_path,unsupported_claim_rate,0.33333333333333337,0.21666666666666667,-0.116666666667
happy_path_10,happy_path,unsupported_claim_rate,0.2920634920634921,0.16190476190476188,-0.130158730159
happy_path_11,happy_path,unsupported_claim_rate,0.34444444444444444,0.2222222222222222,-0.122222222222
happy_path_12,happy_path,unsupported_claim_rate,0.2777777777777778,0.2222222222222222,-0.055555555556
happy_path_13,happy_path,unsupported_claim_rate,0.13888888888888887,0.06666666666666665,-0.072222222222
happy_path_14,happy_path,unsupported_claim_rate,0.055555555555555546,0.34285714285714286,0.287301587302
happy_path_15,happy_path,unsupported_claim_rate,0.38333333333333336,0.08333333333333333,-0.3
happy_path_16,happy_path,unsupported_claim_rate,0.25,0.2611111111111111,0.011111111111
happy_path_17,happy_path,unsupported_claim_rate,0.19999999999999998,0.15,-0.05
happy_path_18,happy_path,unsupported_claim_rate,0.125,0.0,-0.125
happy_path_19,happy_path,unsupported_claim_rate,0.0,0.22222222222222224,0.222222222222
happy_path_20,happy_path,unsupported_claim_rate,0.12222222222222219,0.14074074074074072,0.018518518519
adversarial_01,adversarial,n_checkable_claims,7.333333333333333,12.666666666666666,5.333333333333
adversarial_02,adversarial,n_checkable_claims,6.333333333333333,6.666666666666667,0.333333333333
adversarial_03,adversarial,n_checkable_claims,6.333333333333333,7.333333333333333,1.0
adversarial_04,adversarial,n_checkable_claims,7.666666666666667,11.0,3.333333333333
adversarial_05,adversarial,n_checkable_claims,2.3333333333333335,4.0,1.666666666667
adversarial_06,adversarial,n_checkable_claims,4.333333333333333,3.5,-0.833333333333
adversarial_07,adversarial,n_checkable_claims,3.0,8.666666666666666,5.666666666667
adversarial_08,adversarial,n_checkable_claims,7.666666666666667,14.666666666666666,7.0
adversarial_09,adversarial,n_checkable_claims,6.333333333333333,3.0,-3.333333333333
adversarial_10,adversarial,n_checkable_claims,6.333333333333333,5.666666666666667,-0.666666666667
adversarial_11,adversarial,n_checkable_claims,7.0,5.666666666666667,-1.333333333333
adversarial_13,adversarial,n_checkable_claims,5.333333333333333,4.666666666666667,-0.666666666667
adversarial_14,adversarial,n_checkable_claims,6.0,5.0,-1.0
adversarial_15,adversarial,n_checkable_claims,5.333333333333333,5.666666666666667,0.333333333333
adversarial_16,adversarial,n_checkable_claims,4.333333333333333,5.666666666666667,1.333333333333
adversarial_17,adversarial,n_checkable_claims,10.333333333333334,8.0,-2.333333333333
adversarial_18,adversarial,n_checkable_claims,10.666666666666666,10.333333333333334,-0.333333333333
adversarial_19,adversarial,n_checkable_claims,11.5,7.0,-4.5
adversarial_20,adversarial,n_checkable_claims,6.666666666666667,8.333333333333334,1.666666666667
edge_01,edge,n_checkable_claims,3.3333333333333335,5.0,1.666666666667
edge_02,edge,n_checkable_claims,6.333333333333333,5.666666666666667,-0.666666666667
edge_03,edge,n_checkable_claims,7.0,3.6666666666666665,-3.333333333333
edge_04,edge,n_checkable_claims,3.6666666666666665,4.0,0.333333333333
edge_05,edge,n_checkable_claims,3.6666666666666665,3.3333333333333335,-0.333333333333
edge_06,edge,n_checkable_claims,6.333333333333333,4.666666666666667,-1.666666666667
edge_07,edge,n_checkable_claims,3.3333333333333335,2.6666666666666665,-0.666666666667
edge_08,edge,n_checkable_claims,4.0,3.3333333333333335,-0.666666666667
edge_09,edge,n_checkable_claims,4.0,3.3333333333333335,-0.666666666667
edge_10,edge,n_checkable_claims,5.666666666666667,4.0,-1.666666666667
edge_11,edge,n_checkable_claims,6.666666666666667,10.666666666666666,4.0
edge_12,edge,n_checkable_claims,6.0,3.0,-3.0
edge_13,edge,n_checkable_claims,6.666666666666667,3.5,-3.166666666667
edge_14,edge,n_checkable_claims,8.0,6.333333333333333,-1.666666666667
edge_15,edge,n_checkable_claims,5.666666666666667,5.666666666666667,0.0
edge_16,edge,n_checkable_claims,5.0,5.0,0.0
edge_17,edge,n_checkable_claims,6.333333333333333,5.0,-1.333333333333
edge_18,edge,n_checkable_claims,9.333333333333334,6.0,-3.333333333333
edge_19,edge,n_checkable_claims,5.666666666666667,5.333333333333333,-0.333333333333
edge_20,edge,n_checkable_claims,8.666666666666666,8.333333333333334,-0.333333333333
happy_path_01,happy_path,n_checkable_claims,7.666666666666667,6.0,-1.666666666667
happy_path_02,happy_path,n_checkable_claims,4.0,3.3333333333333335,-0.666666666667
happy_path_03,happy_path,n_checkable_claims,5.0,4.0,-1.0
happy_path_04,happy_path,n_checkable_claims,5.666666666666667,4.333333333333333,-1.333333333333
happy_path_05,happy_path,n_checkable_claims,3.3333333333333335,3.0,-0.333333333333
happy_path_06,happy_path,n_checkable_claims,4.0,3.3333333333333335,-0.666666666667
happy_path_07,happy_path,n_checkable_claims,3.6666666666666665,4.0,0.333333333333
happy_path_08,happy_path,n_checkable_claims,4.333333333333333,5.333333333333333,1.0
happy_path_09,happy_path,n_checkable_claims,4.333333333333333,3.6666666666666665,-0.666666666667
happy_path_10,happy_path,n_checkable_claims,6.0,7.333333333333333,1.333333333333
happy_path_11,happy_path,n_checkable_claims,4.0,3.6666666666666665,-0.333333333333
happy_path_12,happy_path,n_checkable_claims,4.0,4.333333333333333,0.333333333333
happy_path_13,happy_path,n_checkable_claims,7.0,3.6666666666666665,-3.333333333333
happy_path_14,happy_path,n_checkable_claims,5.666666666666667,7.333333333333333,1.666666666667
happy_path_15,happy_path,n_checkable_claims,5.0,3.6666666666666665,-1.333333333333
happy_path_16,happy_path,n_checkable_claims,3.3333333333333335,4.0,0.666666666667
happy_path_17,happy_path,n_checkable_claims,4.666666666666667,3.6666666666666665,-1.0
happy_path_18,happy_path,n_checkable_claims,9.0,5.666666666666667,-3.333333333333
happy_path_19,happy_path,n_checkable_claims,2.6666666666666665,2.3333333333333335,-0.333333333333
happy_path_20,happy_path,n_checkable_claims,5.666666666666667,6.333333333333333,0.666666666667
